2025-04-10 16:34:34.468458 - Received SBGOLOB.CBT509.FILE182 from FILE182.XMI 
2025-04-10 16:34:34.491853 - Found $$$$$$$$.txt (text/plain) in SBGOLOB.CBT509.FILE182, moved to PDS/$$$$$$$$
2025-04-10 16:34:34.492137 - Found $$$$IDF.txt (text/plain) in SBGOLOB.CBT509.FILE182, moved to PDS/$$$$IDF
2025-04-10 16:34:34.492486 - Found $$$$QWIK.txt (text/plain) in SBGOLOB.CBT509.FILE182, moved to PDS/$$$$QWIK
2025-04-10 16:34:34.492752 - Found $$$$READ.txt (text/plain) in SBGOLOB.CBT509.FILE182, moved to PDS/$$$$READ
2025-04-10 16:34:34.493042 - Found $$$$TEST.txt (text/plain) in SBGOLOB.CBT509.FILE182, moved to PDS/$$$$TEST
2025-04-10 16:34:34.493216 - Found $$$$ZXDC.txt (text/plain) in SBGOLOB.CBT509.FILE182, moved to PDS/$$$$ZXDC
2025-04-10 16:34:34.493344 - Found $$$#DATE.txt (text/plain) in SBGOLOB.CBT509.FILE182, moved to PDS/$$$#DATE
2025-04-10 16:34:34.493827 - Found $$$BUGS.txt (text/plain) in SBGOLOB.CBT509.FILE182, moved to PDS/$$$BUGS
2025-04-10 16:34:34.494063 - Found $$$CTBL.txt (text/plain) in SBGOLOB.CBT509.FILE182, moved to PDS/$$$CTBL
2025-04-10 16:34:34.494339 - Found $$$CUSTM.txt (text/plain) in SBGOLOB.CBT509.FILE182, moved to PDS/$$$CUSTM
2025-04-10 16:34:34.494554 - Found $$$CUT.txt (text/plain) in SBGOLOB.CBT509.FILE182, moved to PDS/$$$CUT
2025-04-10 16:34:34.494689 - Found $$$DOC.txt (text/plain) in SBGOLOB.CBT509.FILE182, moved to PDS/$$$DOC
2025-04-10 16:34:34.494759 - Found $$$EAV.txt (text/plain) in SBGOLOB.CBT509.FILE182, moved to PDS/$$$EAV
2025-04-10 16:34:34.494822 - Found $$$EAVLV.txt (text/plain) in SBGOLOB.CBT509.FILE182, moved to PDS/$$$EAVLV
2025-04-10 16:34:34.494997 - Found $$$EQUAL.txt (text/plain) in SBGOLOB.CBT509.FILE182, moved to PDS/$$$EQUAL
2025-04-10 16:34:34.495070 - Found $$$FAMS.txt (text/plain) in SBGOLOB.CBT509.FILE182, moved to PDS/$$$FAMS
2025-04-10 16:34:34.495259 - Found $$$FAQ.txt (text/plain) in SBGOLOB.CBT509.FILE182, moved to PDS/$$$FAQ
2025-04-10 16:34:34.495322 - Found $$$HERC.txt (text/plain) in SBGOLOB.CBT509.FILE182, moved to PDS/$$$HERC
2025-04-10 16:34:34.495483 - Found $$$INST.txt (text/plain) in SBGOLOB.CBT509.FILE182, moved to PDS/$$$INST
2025-04-10 16:34:34.495709 - Found $$$INSTX.txt (text/plain) in SBGOLOB.CBT509.FILE182, moved to PDS/$$$INSTX
2025-04-10 16:34:34.495771 - Found $$$ISDA.txt (text/plain) in SBGOLOB.CBT509.FILE182, moved to PDS/$$$ISDA
2025-04-10 16:34:34.495873 - Found $$$ISODT.txt (text/plain) in SBGOLOB.CBT509.FILE182, moved to PDS/$$$ISODT
2025-04-10 16:34:34.495937 - Found $$$LMA.txt (text/plain) in SBGOLOB.CBT509.FILE182, moved to PDS/$$$LMA
2025-04-10 16:34:34.496000 - Found $$$MATCH.txt (text/plain) in SBGOLOB.CBT509.FILE182, moved to PDS/$$$MATCH
2025-04-10 16:34:34.496060 - Found $$$MODS.txt (text/plain) in SBGOLOB.CBT509.FILE182, moved to PDS/$$$MODS
2025-04-10 16:34:34.496120 - Found $$$PARTX.txt (text/plain) in SBGOLOB.CBT509.FILE182, moved to PDS/$$$PARTX
2025-04-10 16:34:34.496266 - Found $$$PDSE.txt (text/plain) in SBGOLOB.CBT509.FILE182, moved to PDS/$$$PDSE
2025-04-10 16:34:34.496640 - Found $$$PROSE.txt (text/plain) in SBGOLOB.CBT509.FILE182, moved to PDS/$$$PROSE
2025-04-10 16:34:34.496919 - Found $$$PROS2.txt (text/plain) in SBGOLOB.CBT509.FILE182, moved to PDS/$$$PROS2
2025-04-10 16:34:34.496981 - Found $$$QWIK.txt (text/plain) in SBGOLOB.CBT509.FILE182, moved to PDS/$$$QWIK
2025-04-10 16:34:34.497042 - Found $$$RCQDT.txt (text/plain) in SBGOLOB.CBT509.FILE182, moved to PDS/$$$RCQDT
2025-04-10 16:34:34.497102 - Found $$$RJUST.txt (text/plain) in SBGOLOB.CBT509.FILE182, moved to PDS/$$$RJUST
2025-04-10 16:34:34.497246 - Found $$$SECUR.txt (text/plain) in SBGOLOB.CBT509.FILE182, moved to PDS/$$$SECUR
2025-04-10 16:34:34.497401 - Found $$$TRAP.txt (text/plain) in SBGOLOB.CBT509.FILE182, moved to PDS/$$$TRAP
2025-04-10 16:34:34.497546 - Found $$$UCB.txt (text/plain) in SBGOLOB.CBT509.FILE182, moved to PDS/$$$UCB
2025-04-10 16:34:34.497708 - Found $$$UNDOC.txt (text/plain) in SBGOLOB.CBT509.FILE182, moved to PDS/$$$UNDOC
2025-04-10 16:34:34.497768 - Found $$$VSAM.txt (text/plain) in SBGOLOB.CBT509.FILE182, moved to PDS/$$$VSAM
2025-04-10 16:34:34.498014 - Found $$$XSTAT.txt (text/plain) in SBGOLOB.CBT509.FILE182, moved to PDS/$$$XSTAT
2025-04-10 16:34:34.498076 - Found $$$Y2K.txt (text/plain) in SBGOLOB.CBT509.FILE182, moved to PDS/$$$Y2K
2025-04-10 16:34:34.498231 - Found $$CMDADD.txt (text/plain) in SBGOLOB.CBT509.FILE182, moved to PDS/$$CMDADD
2025-04-10 16:34:34.498289 - Found $$CMDXDC.txt (text/plain) in SBGOLOB.CBT509.FILE182, moved to PDS/$$CMDXDC
2025-04-10 16:34:34.498348 - Found $$CPKMAP.txt (text/plain) in SBGOLOB.CBT509.FILE182, moved to PDS/$$CPKMAP
2025-04-10 16:34:34.498414 - Found $$DELINK.txt (text/plain) in SBGOLOB.CBT509.FILE182, moved to PDS/$$DELINK
2025-04-10 16:34:34.498472 - Found $$DISASM.txt (text/plain) in SBGOLOB.CBT509.FILE182, moved to PDS/$$DISASM
2025-04-10 16:34:34.498536 - Found $$DOCNEW.txt (text/plain) in SBGOLOB.CBT509.FILE182, moved to PDS/$$DOCNEW
2025-04-10 16:34:34.498598 - Found $$DRK.txt (text/plain) in SBGOLOB.CBT509.FILE182, moved to PDS/$$DRK
2025-04-10 16:34:34.498661 - Found $$DSLIST.txt (text/plain) in SBGOLOB.CBT509.FILE182, moved to PDS/$$DSLIST
2025-04-10 16:34:34.498721 - Found $$GP.txt (text/plain) in SBGOLOB.CBT509.FILE182, moved to PDS/$$GP
2025-04-10 16:34:34.498881 - Found $$MBRGEN.txt (text/plain) in SBGOLOB.CBT509.FILE182, moved to PDS/$$MBRGEN
2025-04-10 16:34:34.498945 - Found $$MXIBAT.txt (text/plain) in SBGOLOB.CBT509.FILE182, moved to PDS/$$MXIBAT
2025-04-10 16:34:34.499005 - Found $$PACKED.bin (application/octet-stream) in SBGOLOB.CBT509.FILE182, moved to PDS/$$PACKED
2025-04-10 16:34:34.499117 - Found $$PDSABC.txt (text/plain) in SBGOLOB.CBT509.FILE182, moved to PDS/$$PDSABC
2025-04-10 16:34:34.499342 - Found $$PDSMAN.txt (text/plain) in SBGOLOB.CBT509.FILE182, moved to PDS/$$PDSMAN
2025-04-10 16:34:34.499445 - Found $$PDSNEW.txt (text/plain) in SBGOLOB.CBT509.FILE182, moved to PDS/$$PDSNEW
2025-04-10 16:34:34.499506 - Found $$PDSPPT.txt (text/plain) in SBGOLOB.CBT509.FILE182, moved to PDS/$$PDSPPT
2025-04-10 16:34:34.499567 - Found $$PGLITE.txt (text/plain) in SBGOLOB.CBT509.FILE182, moved to PDS/$$PGLITE
2025-04-10 16:34:34.499636 - Found $$QUOTES.eml (message/rfc822) in SBGOLOB.CBT509.FILE182, moved to PDS/$$QUOTES
2025-04-10 16:34:34.499697 - Found $$SHARE.txt (text/plain) in SBGOLOB.CBT509.FILE182, moved to PDS/$$SHARE
2025-04-10 16:34:34.499760 - Found $$SHARE1.txt (text/plain) in SBGOLOB.CBT509.FILE182, moved to PDS/$$SHARE1
2025-04-10 16:34:34.499829 - Found $$STRUCT.txt (text/plain) in SBGOLOB.CBT509.FILE182, moved to PDS/$$STRUCT
2025-04-10 16:34:34.499889 - Found $$S2214.txt (text/plain) in SBGOLOB.CBT509.FILE182, moved to PDS/$$S2214
2025-04-10 16:34:34.500037 - Found $$S2837.txt (text/plain) in SBGOLOB.CBT509.FILE182, moved to PDS/$$S2837
2025-04-10 16:34:34.500098 - Found $$USAGE.txt (text/plain) in SBGOLOB.CBT509.FILE182, moved to PDS/$$USAGE
2025-04-10 16:34:34.500263 - Found $$ZNEXTG.eml (message/rfc822) in SBGOLOB.CBT509.FILE182, moved to PDS/$$ZNEXTG
2025-04-10 16:34:34.500371 - Found $$ZOS108.txt (text/plain) in SBGOLOB.CBT509.FILE182, moved to PDS/$$ZOS108
2025-04-10 16:34:34.500432 - Found $$ZOS109.txt (text/plain) in SBGOLOB.CBT509.FILE182, moved to PDS/$$ZOS109
2025-04-10 16:34:34.500491 - Found $$ZOS111.txt (text/plain) in SBGOLOB.CBT509.FILE182, moved to PDS/$$ZOS111
2025-04-10 16:34:34.500551 - Found $$ZOS113.txt (text/plain) in SBGOLOB.CBT509.FILE182, moved to PDS/$$ZOS113
2025-04-10 16:34:34.500613 - Found $$ZOS18.txt (text/plain) in SBGOLOB.CBT509.FILE182, moved to PDS/$$ZOS18
2025-04-10 16:34:34.500712 - Found $$ZOS19.txt (text/plain) in SBGOLOB.CBT509.FILE182, moved to PDS/$$ZOS19
2025-04-10 16:34:34.500771 - Found $$ZOS201.txt (text/plain) in SBGOLOB.CBT509.FILE182, moved to PDS/$$ZOS201
2025-04-10 16:34:34.500829 - Found $$ZOS202.txt (text/plain) in SBGOLOB.CBT509.FILE182, moved to PDS/$$ZOS202
2025-04-10 16:34:34.500888 - Found $$ZOS203.txt (text/plain) in SBGOLOB.CBT509.FILE182, moved to PDS/$$ZOS203
2025-04-10 16:34:34.500947 - Found $$ZOS204.txt (text/plain) in SBGOLOB.CBT509.FILE182, moved to PDS/$$ZOS204
2025-04-10 16:34:34.501005 - Found $$ZOS205.txt (text/plain) in SBGOLOB.CBT509.FILE182, moved to PDS/$$ZOS205
2025-04-10 16:34:34.501062 - Found $$ZOS301.txt (text/plain) in SBGOLOB.CBT509.FILE182, moved to PDS/$$ZOS301
2025-04-10 16:34:34.501118 - Found $$ZXPO08.txt (text/plain) in SBGOLOB.CBT509.FILE182, moved to PDS/$$ZXPO08
2025-04-10 16:34:34.501175 - Found $ARMODE.txt (text/plain) in SBGOLOB.CBT509.FILE182, moved to PDS/$ARMODE
2025-04-10 16:34:34.501233 - Found $COMPARA.txt (text/plain) in SBGOLOB.CBT509.FILE182, moved to PDS/$COMPARA
2025-04-10 16:34:34.501290 - Found $COMPARC.txt (text/plain) in SBGOLOB.CBT509.FILE182, moved to PDS/$COMPARC
2025-04-10 16:34:34.501348 - Found $CONDEND.txt (text/plain) in SBGOLOB.CBT509.FILE182, moved to PDS/$CONDEND
2025-04-10 16:34:34.501405 - Found $COPYMOD.txt (text/plain) in SBGOLOB.CBT509.FILE182, moved to PDS/$COPYMOD
2025-04-10 16:34:34.501462 - Found $DEAV.txt (text/plain) in SBGOLOB.CBT509.FILE182, moved to PDS/$DEAV
2025-04-10 16:34:34.501589 - Found $DIRFTB1.txt (text/plain) in SBGOLOB.CBT509.FILE182, moved to PDS/$DIRFTB1
2025-04-10 16:34:34.501704 - Found $DISKMAP.txt (text/plain) in SBGOLOB.CBT509.FILE182, moved to PDS/$DISKMAP
2025-04-10 16:34:34.501821 - Found $FIFTYRS.txt (text/plain) in SBGOLOB.CBT509.FILE182, moved to PDS/$FIFTYRS
2025-04-10 16:34:34.501880 - Found $FORTYRS.txt (text/plain) in SBGOLOB.CBT509.FILE182, moved to PDS/$FORTYRS
2025-04-10 16:34:34.501940 - Found $IBMMAIN.txt (text/plain) in SBGOLOB.CBT509.FILE182, moved to PDS/$IBMMAIN
2025-04-10 16:34:34.502015 - Found $LMOD.txt (text/plain) in SBGOLOB.CBT509.FILE182, moved to PDS/$LMOD
2025-04-10 16:34:34.502073 - Found $LOGWIDE.txt (text/plain) in SBGOLOB.CBT509.FILE182, moved to PDS/$LOGWIDE
2025-04-10 16:34:34.502128 - Found $MAINRTN.txt (text/plain) in SBGOLOB.CBT509.FILE182, moved to PDS/$MAINRTN
2025-04-10 16:34:34.502200 - Found $OA60639.txt (text/plain) in SBGOLOB.CBT509.FILE182, moved to PDS/$OA60639
2025-04-10 16:34:34.502276 - Found $OY07766.txt (text/plain) in SBGOLOB.CBT509.FILE182, moved to PDS/$OY07766
2025-04-10 16:34:34.502339 - Found $PDSARTH.txt (text/plain) in SBGOLOB.CBT509.FILE182, moved to PDS/$PDSARTH
2025-04-10 16:34:34.502488 - Found $PDSART0.txt (text/plain) in SBGOLOB.CBT509.FILE182, moved to PDS/$PDSART0
2025-04-10 16:34:34.502577 - Found $PDSART1.txt (text/plain) in SBGOLOB.CBT509.FILE182, moved to PDS/$PDSART1
2025-04-10 16:34:34.502957 - Found $PDSART2.txt (text/plain) in SBGOLOB.CBT509.FILE182, moved to PDS/$PDSART2
2025-04-10 16:34:34.503048 - Found $PDSART3.txt (text/plain) in SBGOLOB.CBT509.FILE182, moved to PDS/$PDSART3
2025-04-10 16:34:34.503130 - Found $PDSEDIT.bin (application/octet-stream) in SBGOLOB.CBT509.FILE182, moved to PDS/$PDSEDIT
2025-04-10 16:34:34.503350 - Found $PDSPAIN.txt (text/plain) in SBGOLOB.CBT509.FILE182, moved to PDS/$PDSPAIN
2025-04-10 16:34:34.503413 - Found $PTSEXP.bin (application/octet-stream) in SBGOLOB.CBT509.FILE182, moved to PDS/$PTSEXP
2025-04-10 16:34:34.503555 - Found $SRCHFOR.txt (text/plain) in SBGOLOB.CBT509.FILE182, moved to PDS/$SRCHFOR
2025-04-10 16:34:34.503618 - Found $S378ABE.txt (text/plain) in SBGOLOB.CBT509.FILE182, moved to PDS/$S378ABE
2025-04-10 16:34:34.503724 - Found $TSO8ASM.txt (text/plain) in SBGOLOB.CBT509.FILE182, moved to PDS/$TSO8ASM
2025-04-10 16:34:34.503782 - Found $TSO8BAT.txt (text/plain) in SBGOLOB.CBT509.FILE182, moved to PDS/$TSO8BAT
2025-04-10 16:34:34.503839 - Found $TSO8DOC.txt (text/plain) in SBGOLOB.CBT509.FILE182, moved to PDS/$TSO8DOC
2025-04-10 16:34:34.503897 - Found $TSO8TST.txt (text/plain) in SBGOLOB.CBT509.FILE182, moved to PDS/$TSO8TST
2025-04-10 16:34:34.503954 - Found $UPDATES.txt (text/plain) in SBGOLOB.CBT509.FILE182, moved to PDS/$UPDATES
2025-04-10 16:34:34.504016 - Found $VTOCEAV.txt (text/plain) in SBGOLOB.CBT509.FILE182, moved to PDS/$VTOCEAV
2025-04-10 16:34:34.504081 - Found $WORKBH.txt (text/plain) in SBGOLOB.CBT509.FILE182, moved to PDS/$WORKBH
2025-04-10 16:34:34.504145 - Found $XMIBUFF.txt (text/plain) in SBGOLOB.CBT509.FILE182, moved to PDS/$XMIBUFF
2025-04-10 16:34:34.504316 - Found #LSPACE.txt (text/plain) in SBGOLOB.CBT509.FILE182, moved to PDS/#LSPACE
2025-04-10 16:34:34.504717 - Found #MDSECT.txt (text/plain) in SBGOLOB.CBT509.FILE182, moved to PDS/#MDSECT
2025-04-10 16:34:34.504869 - Found #MDSECT2.txt (text/plain) in SBGOLOB.CBT509.FILE182, moved to PDS/#MDSECT2
2025-04-10 16:34:34.505171 - Found #PDSGEN.txt (text/plain) in SBGOLOB.CBT509.FILE182, moved to PDS/#PDSGEN
2025-04-10 16:34:34.505294 - Found #PDSGENB.txt (text/plain) in SBGOLOB.CBT509.FILE182, moved to PDS/#PDSGENB
2025-04-10 16:34:34.505352 - Found #PDSGENH.txt (text/plain) in SBGOLOB.CBT509.FILE182, moved to PDS/#PDSGENH
2025-04-10 16:34:34.505531 - Found #PDSGENI.txt (text/plain) in SBGOLOB.CBT509.FILE182, moved to PDS/#PDSGENI
2025-04-10 16:34:34.505650 - Found #PDSGENU.txt (text/plain) in SBGOLOB.CBT509.FILE182, moved to PDS/#PDSGENU
2025-04-10 16:34:34.505835 - Found #PDSGENW.txt (text/plain) in SBGOLOB.CBT509.FILE182, moved to PDS/#PDSGENW
2025-04-10 16:34:34.505891 - Found #PDSGENZ.txt (text/plain) in SBGOLOB.CBT509.FILE182, moved to PDS/#PDSGENZ
2025-04-10 16:34:34.506547 - Found #PDSMODS.txt (text/plain) in SBGOLOB.CBT509.FILE182, moved to PDS/#PDSMODS
2025-04-10 16:34:34.506615 - Found #PDSTBL.txt (text/plain) in SBGOLOB.CBT509.FILE182, moved to PDS/#PDSTBL
2025-04-10 16:34:34.506681 - Found #SPWRKA.txt (text/plain) in SBGOLOB.CBT509.FILE182, moved to PDS/#SPWRKA
2025-04-10 16:34:34.506755 - Found @ALIAS.txt (text/plain) in SBGOLOB.CBT509.FILE182, moved to PDS/@ALIAS
2025-04-10 16:34:34.507038 - Found @AMBLIST.txt (text/plain) in SBGOLOB.CBT509.FILE182, moved to PDS/@AMBLIST
2025-04-10 16:34:34.507373 - Found @ATTRIB.txt (text/plain) in SBGOLOB.CBT509.FILE182, moved to PDS/@ATTRIB
2025-04-10 16:34:34.507503 - Found @BROWSE.txt (text/plain) in SBGOLOB.CBT509.FILE182, moved to PDS/@BROWSE
2025-04-10 16:34:34.507563 - Found @CHANGE.txt (text/plain) in SBGOLOB.CBT509.FILE182, moved to PDS/@CHANGE
2025-04-10 16:34:34.507622 - Found @CLEAR.txt (text/plain) in SBGOLOB.CBT509.FILE182, moved to PDS/@CLEAR
2025-04-10 16:34:34.507711 - Found @COBANAL.txt (text/plain) in SBGOLOB.CBT509.FILE182, moved to PDS/@COBANAL
2025-04-10 16:34:34.507883 - Found @COMPARE.txt (text/plain) in SBGOLOB.CBT509.FILE182, moved to PDS/@COMPARE
2025-04-10 16:34:34.507974 - Found @COMPRES.txt (text/plain) in SBGOLOB.CBT509.FILE182, moved to PDS/@COMPRES
2025-04-10 16:34:34.508492 - Found @CONTROL.txt (text/plain) in SBGOLOB.CBT509.FILE182, moved to PDS/@CONTROL
2025-04-10 16:34:34.508763 - Found @COPY.txt (text/plain) in SBGOLOB.CBT509.FILE182, moved to PDS/@COPY
2025-04-10 16:34:34.508906 - Found @CPKMAP.txt (text/plain) in SBGOLOB.CBT509.FILE182, moved to PDS/@CPKMAP
2025-04-10 16:34:34.508992 - Found @DELETE.txt (text/plain) in SBGOLOB.CBT509.FILE182, moved to PDS/@DELETE
2025-04-10 16:34:34.509078 - Found @DELINK.txt (text/plain) in SBGOLOB.CBT509.FILE182, moved to PDS/@DELINK
2025-04-10 16:34:34.509159 - Found @DIACAX.txt (text/plain) in SBGOLOB.CBT509.FILE182, moved to PDS/@DIACAX
2025-04-10 16:34:34.509220 - Found @DIACLN.txt (text/plain) in SBGOLOB.CBT509.FILE182, moved to PDS/@DIACLN
2025-04-10 16:34:34.509617 - Found @DIAFIND.txt (text/plain) in SBGOLOB.CBT509.FILE182, moved to PDS/@DIAFIND
2025-04-10 16:34:34.509935 - Found @DIAFUN.txt (text/plain) in SBGOLOB.CBT509.FILE182, moved to PDS/@DIAFUN
2025-04-10 16:34:34.510034 - Found @DIAINIT.txt (text/plain) in SBGOLOB.CBT509.FILE182, moved to PDS/@DIAINIT
2025-04-10 16:34:34.510399 - Found @DIALALV.txt (text/plain) in SBGOLOB.CBT509.FILE182, moved to PDS/@DIALALV
2025-04-10 16:34:34.510720 - Found @DIALINE.txt (text/plain) in SBGOLOB.CBT509.FILE182, moved to PDS/@DIALINE
2025-04-10 16:34:34.510864 - Found @DIALINZ.txt (text/plain) in SBGOLOB.CBT509.FILE182, moved to PDS/@DIALINZ
2025-04-10 16:34:34.511333 - Found @DIALOG.txt (text/plain) in SBGOLOB.CBT509.FILE182, moved to PDS/@DIALOG
2025-04-10 16:34:34.511724 - Found @DIALSTC.txt (text/plain) in SBGOLOB.CBT509.FILE182, moved to PDS/@DIALSTC
2025-04-10 16:34:34.512176 - Found @DIAMEML.txt (text/plain) in SBGOLOB.CBT509.FILE182, moved to PDS/@DIAMEML
2025-04-10 16:34:34.512338 - Found @DIAORG.txt (text/plain) in SBGOLOB.CBT509.FILE182, moved to PDS/@DIAORG
2025-04-10 16:34:34.512632 - Found @DIAOUT.txt (text/plain) in SBGOLOB.CBT509.FILE182, moved to PDS/@DIAOUT
2025-04-10 16:34:34.512807 - Found @DIAPANL.txt (text/plain) in SBGOLOB.CBT509.FILE182, moved to PDS/@DIAPANL
2025-04-10 16:34:34.513020 - Found @DIAPART.txt (text/plain) in SBGOLOB.CBT509.FILE182, moved to PDS/@DIAPART
2025-04-10 16:34:34.513179 - Found @DIASEL.txt (text/plain) in SBGOLOB.CBT509.FILE182, moved to PDS/@DIASEL
2025-04-10 16:34:34.513568 - Found @DIASTAK.txt (text/plain) in SBGOLOB.CBT509.FILE182, moved to PDS/@DIASTAK
2025-04-10 16:34:34.513713 - Found @DIATBL.txt (text/plain) in SBGOLOB.CBT509.FILE182, moved to PDS/@DIATBL
2025-04-10 16:34:34.513777 - Found @DIATCT.txt (text/plain) in SBGOLOB.CBT509.FILE182, moved to PDS/@DIATCT
2025-04-10 16:34:34.514117 - Found @DIAWRK.txt (text/plain) in SBGOLOB.CBT509.FILE182, moved to PDS/@DIAWRK
2025-04-10 16:34:34.514215 - Found @DISASM.txt (text/plain) in SBGOLOB.CBT509.FILE182, moved to PDS/@DISASM
2025-04-10 16:34:34.514379 - Found @DISPLAY.txt (text/plain) in SBGOLOB.CBT509.FILE182, moved to PDS/@DISPLAY
2025-04-10 16:34:34.514437 - Found @DSINFO2.txt (text/plain) in SBGOLOB.CBT509.FILE182, moved to PDS/@DSINFO2
2025-04-10 16:34:34.514551 - Found @DSNAME.txt (text/plain) in SBGOLOB.CBT509.FILE182, moved to PDS/@DSNAME
2025-04-10 16:34:34.514613 - Found @EXEC.txt (text/plain) in SBGOLOB.CBT509.FILE182, moved to PDS/@EXEC
2025-04-10 16:34:34.514671 - Found @FAMS.txt (text/plain) in SBGOLOB.CBT509.FILE182, moved to PDS/@FAMS
2025-04-10 16:34:34.514838 - Found @FILE182.txt (text/plain) in SBGOLOB.CBT509.FILE182, moved to PDS/@FILE182
2025-04-10 16:34:34.515227 - Found @FIXPDS.txt (text/plain) in SBGOLOB.CBT509.FILE182, moved to PDS/@FIXPDS
2025-04-10 16:34:34.515290 - Found @GEO.txt (text/plain) in SBGOLOB.CBT509.FILE182, moved to PDS/@GEO
2025-04-10 16:34:34.515401 - Found @GLOBAL.txt (text/plain) in SBGOLOB.CBT509.FILE182, moved to PDS/@GLOBAL
2025-04-10 16:34:34.515458 - Found @HELP.txt (text/plain) in SBGOLOB.CBT509.FILE182, moved to PDS/@HELP
2025-04-10 16:34:34.516060 - Found @HISTORY.txt (text/plain) in SBGOLOB.CBT509.FILE182, moved to PDS/@HISTORY
2025-04-10 16:34:34.516234 - Found @IF.txt (text/plain) in SBGOLOB.CBT509.FILE182, moved to PDS/@IF
2025-04-10 16:34:34.516294 - Found @IGW700I.txt (text/plain) in SBGOLOB.CBT509.FILE182, moved to PDS/@IGW700I
2025-04-10 16:34:34.516422 - Found @IGW700X.txt (text/plain) in SBGOLOB.CBT509.FILE182, moved to PDS/@IGW700X
2025-04-10 16:34:34.516578 - Found @LCS.txt (text/plain) in SBGOLOB.CBT509.FILE182, moved to PDS/@LCS
2025-04-10 16:34:34.517103 - Found @LIST.txt (text/plain) in SBGOLOB.CBT509.FILE182, moved to PDS/@LIST
2025-04-10 16:34:34.517286 - Found @LMA.txt (text/plain) in SBGOLOB.CBT509.FILE182, moved to PDS/@LMA
2025-04-10 16:34:34.517390 - Found @LMAPFX.txt (text/plain) in SBGOLOB.CBT509.FILE182, moved to PDS/@LMAPFX
2025-04-10 16:34:34.517456 - Found @LMAPGM.txt (text/plain) in SBGOLOB.CBT509.FILE182, moved to PDS/@LMAPGM
2025-04-10 16:34:34.517801 - Found @MAP.txt (text/plain) in SBGOLOB.CBT509.FILE182, moved to PDS/@MAP
2025-04-10 16:34:34.517927 - Found @MATCH.txt (text/plain) in SBGOLOB.CBT509.FILE182, moved to PDS/@MATCH
2025-04-10 16:34:34.518084 - Found @MXIBAT.txt (text/plain) in SBGOLOB.CBT509.FILE182, moved to PDS/@MXIBAT
2025-04-10 16:34:34.518283 - Found @OFFLOAD.txt (text/plain) in SBGOLOB.CBT509.FILE182, moved to PDS/@OFFLOAD
2025-04-10 16:34:34.518442 - Found @OUTCOPY.txt (text/plain) in SBGOLOB.CBT509.FILE182, moved to PDS/@OUTCOPY
2025-04-10 16:34:34.519166 - Found @PARSE.txt (text/plain) in SBGOLOB.CBT509.FILE182, moved to PDS/@PARSE
2025-04-10 16:34:34.519266 - Found @PDSE.txt (text/plain) in SBGOLOB.CBT509.FILE182, moved to PDS/@PDSE
2025-04-10 16:34:34.520123 - Found @PDSMAIN.txt (text/plain) in SBGOLOB.CBT509.FILE182, moved to PDS/@PDSMAIN
2025-04-10 16:34:34.520396 - Found @PDSMODS.txt (text/plain) in SBGOLOB.CBT509.FILE182, moved to PDS/@PDSMODS
2025-04-10 16:34:34.520551 - Found @PRINTO.txt (text/plain) in SBGOLOB.CBT509.FILE182, moved to PDS/@PRINTO
2025-04-10 16:34:34.520889 - Found @PSILSTC.txt (text/plain) in SBGOLOB.CBT509.FILE182, moved to PDS/@PSILSTC
2025-04-10 16:34:34.520999 - Found @PTSEXP.txt (text/plain) in SBGOLOB.CBT509.FILE182, moved to PDS/@PTSEXP
2025-04-10 16:34:34.521090 - Found @RENAME.txt (text/plain) in SBGOLOB.CBT509.FILE182, moved to PDS/@RENAME
2025-04-10 16:34:34.521395 - Found @REPRO.txt (text/plain) in SBGOLOB.CBT509.FILE182, moved to PDS/@REPRO
2025-04-10 16:34:34.521512 - Found @RESTORE.txt (text/plain) in SBGOLOB.CBT509.FILE182, moved to PDS/@RESTORE
2025-04-10 16:34:34.521571 - Found @RX.txt (text/plain) in SBGOLOB.CBT509.FILE182, moved to PDS/@RX
2025-04-10 16:34:34.521708 - Found @SAMLIST.txt (text/plain) in SBGOLOB.CBT509.FILE182, moved to PDS/@SAMLIST
2025-04-10 16:34:34.521793 - Found @SEPARAT.txt (text/plain) in SBGOLOB.CBT509.FILE182, moved to PDS/@SEPARAT
2025-04-10 16:34:34.521903 - Found @SMPGEN.txt (text/plain) in SBGOLOB.CBT509.FILE182, moved to PDS/@SMPGEN
2025-04-10 16:34:34.522095 - Found @SMS.txt (text/plain) in SBGOLOB.CBT509.FILE182, moved to PDS/@SMS
2025-04-10 16:34:34.522392 - Found @SRCHFOR.txt (text/plain) in SBGOLOB.CBT509.FILE182, moved to PDS/@SRCHFOR
2025-04-10 16:34:34.522450 - Found @SUBLIST.txt (text/plain) in SBGOLOB.CBT509.FILE182, moved to PDS/@SUBLIST
2025-04-10 16:34:34.522536 - Found @SUBS.txt (text/plain) in SBGOLOB.CBT509.FILE182, moved to PDS/@SUBS
2025-04-10 16:34:34.522598 - Found @TIME.txt (text/plain) in SBGOLOB.CBT509.FILE182, moved to PDS/@TIME
2025-04-10 16:34:34.522764 - Found @TRANS.txt (text/plain) in SBGOLOB.CBT509.FILE182, moved to PDS/@TRANS
2025-04-10 16:34:34.522933 - Found @TSO.txt (text/plain) in SBGOLOB.CBT509.FILE182, moved to PDS/@TSO
2025-04-10 16:34:34.522993 - Found @TSOEDIT.txt (text/plain) in SBGOLOB.CBT509.FILE182, moved to PDS/@TSOEDIT
2025-04-10 16:34:34.523134 - Found @USAGE.txt (text/plain) in SBGOLOB.CBT509.FILE182, moved to PDS/@USAGE
2025-04-10 16:34:34.523494 - Found @VERIFY.txt (text/plain) in SBGOLOB.CBT509.FILE182, moved to PDS/@VERIFY
2025-04-10 16:34:34.523583 - Found @VPDSE.txt (text/plain) in SBGOLOB.CBT509.FILE182, moved to PDS/@VPDSE
2025-04-10 16:34:34.523669 - Found @XMIT.txt (text/plain) in SBGOLOB.CBT509.FILE182, moved to PDS/@XMIT
2025-04-10 16:34:34.523829 - Found ABEHELP.txt (text/plain) in SBGOLOB.CBT509.FILE182, moved to PDS/ABEHELP
2025-04-10 16:34:34.523980 - Found ACFC.txt (text/plain) in SBGOLOB.CBT509.FILE182, moved to PDS/ACFC
2025-04-10 16:34:34.524093 - Found BLDLDCB0.txt (text/plain) in SBGOLOB.CBT509.FILE182, moved to PDS/BLDLDCB0
2025-04-10 16:34:34.524210 - Found CABAL.txt (text/plain) in SBGOLOB.CBT509.FILE182, moved to PDS/CABAL
2025-04-10 16:34:34.524513 - Found CASIO.rexx (text/plain) in SBGOLOB.CBT509.FILE182, moved to PDS/CASIO
2025-04-10 16:34:34.524573 - Found CBTFTP.txt (text/plain) in SBGOLOB.CBT509.FILE182, moved to PDS/CBTFTP
2025-04-10 16:34:34.524630 - Found CBTJCL.jcl (text/plain) in SBGOLOB.CBT509.FILE182, moved to PDS/CBTJCL
2025-04-10 16:34:34.524687 - Found COMPZAP.txt (text/plain) in SBGOLOB.CBT509.FILE182, moved to PDS/COMPZAP
2025-04-10 16:34:34.524776 - Found COMXMIT.xmi (application/xmit) in SBGOLOB.CBT509.FILE182, moved to PDS/COMXMIT.xmi
2025-04-10 16:34:34.535006 - Received CBT.XMIT182.COMPARE from COMXMIT.xmi 
2025-04-10 16:34:34.535331 - Found COMPAREC.bin (application/octet-stream) in CBT.XMIT182.COMPARE, moved to COMXMIT/COMPAREC
2025-04-10 16:34:34.535400 - Found COMPAREW.bin (application/octet-stream) in CBT.XMIT182.COMPARE, moved to COMXMIT/COMPAREW
2025-04-10 16:34:34.535463 - Found COMPBYTE.bin (application/octet-stream) in CBT.XMIT182.COMPARE, moved to COMXMIT/COMPBYTE
2025-04-10 16:34:34.535678 - Found COMPFILE.bin (application/octet-stream) in CBT.XMIT182.COMPARE, moved to COMXMIT/COMPFILE
2025-04-10 16:34:34.535835 - Found COMPWORD.bin (application/octet-stream) in CBT.XMIT182.COMPARE, moved to COMXMIT/COMPWORD
2025-04-10 16:34:34.536219 - Found COM2XMIT.txt (text/plain) in SBGOLOB.CBT509.FILE182, moved to PDS/COM2XMIT
2025-04-10 16:34:34.536303 - Found COPYIMAG.txt (text/plain) in SBGOLOB.CBT509.FILE182, moved to PDS/COPYIMAG
2025-04-10 16:34:34.536574 - Found CSECTS.rexx (text/plain) in SBGOLOB.CBT509.FILE182, moved to PDS/CSECTS
2025-04-10 16:34:34.536658 - Found CUT.txt (text/plain) in SBGOLOB.CBT509.FILE182, moved to PDS/CUT
2025-04-10 16:34:34.536738 - Found CUTDEF.txt (text/plain) in SBGOLOB.CBT509.FILE182, moved to PDS/CUTDEF
2025-04-10 16:34:34.536821 - Found CUTDEF@.txt (text/plain) in SBGOLOB.CBT509.FILE182, moved to PDS/CUTDEF@
2025-04-10 16:34:34.536881 - Found CUTHELP@.txt (text/plain) in SBGOLOB.CBT509.FILE182, moved to PDS/CUTHELP@
2025-04-10 16:34:34.536945 - Found CUTHELP1.txt (text/plain) in SBGOLOB.CBT509.FILE182, moved to PDS/CUTHELP1
2025-04-10 16:34:34.537002 - Found CUTHELP2.txt (text/plain) in SBGOLOB.CBT509.FILE182, moved to PDS/CUTHELP2
2025-04-10 16:34:34.537066 - Found CUTHELP3.txt (text/plain) in SBGOLOB.CBT509.FILE182, moved to PDS/CUTHELP3
2025-04-10 16:34:34.537124 - Found CUTHELP4.txt (text/plain) in SBGOLOB.CBT509.FILE182, moved to PDS/CUTHELP4
2025-04-10 16:34:34.537183 - Found CUTHELP5.txt (text/plain) in SBGOLOB.CBT509.FILE182, moved to PDS/CUTHELP5
2025-04-10 16:34:34.537244 - Found CUTPROM.txt (text/plain) in SBGOLOB.CBT509.FILE182, moved to PDS/CUTPROM
2025-04-10 16:34:34.537301 - Found CUTPROM@.txt (text/plain) in SBGOLOB.CBT509.FILE182, moved to PDS/CUTPROM@
2025-04-10 16:34:34.537479 - Found DEAV.txt (text/plain) in SBGOLOB.CBT509.FILE182, moved to PDS/DEAV
2025-04-10 16:34:34.537537 - Found DEAVASM.txt (text/plain) in SBGOLOB.CBT509.FILE182, moved to PDS/DEAVASM
2025-04-10 16:34:34.537595 - Found DEAVHELP.txt (text/plain) in SBGOLOB.CBT509.FILE182, moved to PDS/DEAVHELP
2025-04-10 16:34:34.537657 - Found DEAVJCL.txt (text/plain) in SBGOLOB.CBT509.FILE182, moved to PDS/DEAVJCL
2025-04-10 16:34:34.537716 - Found DISPCMDS.txt (text/plain) in SBGOLOB.CBT509.FILE182, moved to PDS/DISPCMDS
2025-04-10 16:34:34.537773 - Found DOALL.rexx (text/plain) in SBGOLOB.CBT509.FILE182, moved to PDS/DOALL
2025-04-10 16:34:34.537867 - Found DOCPGLQR.docx (application/vnd.openxmlformats-officedocument.wordprocessingml.document) in SBGOLOB.CBT509.FILE182, moved to docs/DOCPGLQR.docx
2025-04-10 16:34:34.537961 - Found DSK3390.rexx (text/plain) in SBGOLOB.CBT509.FILE182, moved to PDS/DSK3390
2025-04-10 16:34:34.538060 - Found EDITLOG.rexx (text/plain) in SBGOLOB.CBT509.FILE182, moved to PDS/EDITLOG
2025-04-10 16:34:34.538164 - Found EDITXMIT.xmi (application/xmit) in SBGOLOB.CBT509.FILE182, moved to PDS/EDITXMIT.xmi
2025-04-10 16:34:34.544062 - Received AD.CMDLIB from EDITXMIT.xmi 
2025-04-10 16:34:34.544565 - Found PDSEDIT.bin (application/octet-stream) in AD.CMDLIB, moved to EDITXMIT/PDSEDIT
2025-04-10 16:34:34.544917 - Found EDSL.rexx (text/plain) in SBGOLOB.CBT509.FILE182, moved to PDS/EDSL
2025-04-10 16:34:34.545044 - Found EFIND.rexx (text/plain) in SBGOLOB.CBT509.FILE182, moved to PDS/EFIND
2025-04-10 16:34:34.545229 - Found EFSKEL.txt (text/plain) in SBGOLOB.CBT509.FILE182, moved to PDS/EFSKEL
2025-04-10 16:34:34.545405 - Found EQUAL.txt (text/plain) in SBGOLOB.CBT509.FILE182, moved to PDS/EQUAL
2025-04-10 16:34:34.545467 - Found ESDFLAGS.txt (text/plain) in SBGOLOB.CBT509.FILE182, moved to PDS/ESDFLAGS
2025-04-10 16:34:34.545548 - Found FAMSATTR.rexx (text/plain) in SBGOLOB.CBT509.FILE182, moved to PDS/FAMSATTR
2025-04-10 16:34:34.545610 - Found FAMSXMIT.xmi (application/xmit) in SBGOLOB.CBT509.FILE182, moved to PDS/FAMSXMIT.xmi
2025-04-10 16:34:34.550315 - Received CBT.XMIT182.FAMSEXTR from FAMSXMIT.xmi 
2025-04-10 16:34:34.550574 - Found FAMSEXTR.bin (application/octet-stream) in CBT.XMIT182.FAMSEXTR, moved to FAMSXMIT/FAMSEXTR
2025-04-10 16:34:34.550640 - Found HEXDUMP.bin (application/octet-stream) in CBT.XMIT182.FAMSEXTR, moved to FAMSXMIT/HEXDUMP
2025-04-10 16:34:34.550880 - Found FMVLM.rexx (text/plain) in SBGOLOB.CBT509.FILE182, moved to PDS/FMVLM
2025-04-10 16:34:34.550954 - Found FX.rexx (text/plain) in SBGOLOB.CBT509.FILE182, moved to PDS/FX
2025-04-10 16:34:34.551020 - Found FX#.txt (text/plain) in SBGOLOB.CBT509.FILE182, moved to PDS/FX#
2025-04-10 16:34:34.551080 - Found GLOBAL.rexx (text/plain) in SBGOLOB.CBT509.FILE182, moved to PDS/GLOBAL
2025-04-10 16:34:34.551141 - Found GOVRFLB.txt (text/plain) in SBGOLOB.CBT509.FILE182, moved to PDS/GOVRFLB
2025-04-10 16:34:34.551344 - Found HELPLIST.txt (text/plain) in SBGOLOB.CBT509.FILE182, moved to PDS/HELPLIST
2025-04-10 16:34:34.551406 - Found IDCAMS.txt (text/plain) in SBGOLOB.CBT509.FILE182, moved to PDS/IDCAMS
2025-04-10 16:34:34.551465 - Found IDFCLIST.txt (text/plain) in SBGOLOB.CBT509.FILE182, moved to PDS/IDFCLIST
2025-04-10 16:34:34.551556 - Found IDFCMDS.txt (text/plain) in SBGOLOB.CBT509.FILE182, moved to PDS/IDFCMDS
2025-04-10 16:34:34.551625 - Found IDFJCL.jcl (text/plain) in SBGOLOB.CBT509.FILE182, moved to PDS/IDFJCL
2025-04-10 16:34:34.551755 - Found IDFMAC.txt (text/plain) in SBGOLOB.CBT509.FILE182, moved to PDS/IDFMAC
2025-04-10 16:34:34.551816 - Found IDFSETUP.jcl (text/plain) in SBGOLOB.CBT509.FILE182, moved to PDS/IDFSETUP
2025-04-10 16:34:34.551874 - Found ISFBROW.rexx (text/plain) in SBGOLOB.CBT509.FILE182, moved to PDS/ISFBROW
2025-04-10 16:34:34.551931 - Found ISPFPRIM.txt (text/plain) in SBGOLOB.CBT509.FILE182, moved to PDS/ISPFPRIM
2025-04-10 16:34:34.551991 - Found ISPFUTIL.txt (text/plain) in SBGOLOB.CBT509.FILE182, moved to PDS/ISPFUTIL
2025-04-10 16:34:34.552084 - Found JC.rexx (text/plain) in SBGOLOB.CBT509.FILE182, moved to PDS/JC
2025-04-10 16:34:34.552228 - Found JC#.txt (text/plain) in SBGOLOB.CBT509.FILE182, moved to PDS/JC#
2025-04-10 16:34:34.552446 - Found LANGXLAB.rexx (text/plain) in SBGOLOB.CBT509.FILE182, moved to PDS/LANGXLAB
2025-04-10 16:34:34.552539 - Found LBDPSPAN.txt (text/plain) in SBGOLOB.CBT509.FILE182, moved to PDS/LBDPSPAN
2025-04-10 16:34:34.553239 - Found LBDPXMIT.xmi (application/xmit) in SBGOLOB.CBT509.FILE182, moved to PDS/LBDPXMIT.xmi
2025-04-10 16:34:34.747726 - Received CBT.XMIT182.LBDPANEL from LBDPXMIT.xmi 
2025-04-10 16:34:34.749380 - Found LBDPSDOC.txt (text/plain) in CBT.XMIT182.LBDPANEL, moved to LBDPXMIT/LBDPSDOC
2025-04-10 16:34:34.749517 - Found P86FNFN.txt (text/plain) in CBT.XMIT182.LBDPANEL, moved to LBDPXMIT/P86FNFN
2025-04-10 16:34:34.749818 - Found P86PNDPS.txt (text/plain) in CBT.XMIT182.LBDPANEL, moved to LBDPXMIT/P86PNDPS
2025-04-10 16:34:34.750083 - Found P86PNHPS.txt (text/plain) in CBT.XMIT182.LBDPANEL, moved to LBDPXMIT/P86PNHPS
2025-04-10 16:34:34.750408 - Found P86PNIPS.txt (text/plain) in CBT.XMIT182.LBDPANEL, moved to LBDPXMIT/P86PNIPS
2025-04-10 16:34:34.750534 - Found P86PNKPS.txt (text/plain) in CBT.XMIT182.LBDPANEL, moved to LBDPXMIT/P86PNKPS
2025-04-10 16:34:34.750659 - Found P86PNLPS.txt (text/plain) in CBT.XMIT182.LBDPANEL, moved to LBDPXMIT/P86PNLPS
2025-04-10 16:34:34.750902 - Found P86PNMPS.txt (text/plain) in CBT.XMIT182.LBDPANEL, moved to LBDPXMIT/P86PNMPS
2025-04-10 16:34:34.751140 - Found P86PNOPS.txt (text/plain) in CBT.XMIT182.LBDPANEL, moved to LBDPXMIT/P86PNOPS
2025-04-10 16:34:34.751412 - Found P86PNRPS.txt (text/plain) in CBT.XMIT182.LBDPANEL, moved to LBDPXMIT/P86PNRPS
2025-04-10 16:34:34.751611 - Found P86PNSPS.txt (text/plain) in CBT.XMIT182.LBDPANEL, moved to LBDPXMIT/P86PNSPS
2025-04-10 16:34:34.751879 - Found P86PN5PS.bin (application/octet-stream) in CBT.XMIT182.LBDPANEL, moved to LBDPXMIT/P86PN5PS
2025-04-10 16:34:34.751950 - Found P86PN6PS.txt (text/plain) in CBT.XMIT182.LBDPANEL, moved to LBDPXMIT/P86PN6PS
2025-04-10 16:34:34.752395 - Found P86PN7PS.bin (application/octet-stream) in CBT.XMIT182.LBDPANEL, moved to LBDPXMIT/P86PN7PS
2025-04-10 16:34:34.752578 - Found P86PN8PS.txt (text/plain) in CBT.XMIT182.LBDPANEL, moved to LBDPXMIT/P86PN8PS
2025-04-10 16:34:34.752702 - Found P86SET@.txt (text/plain) in CBT.XMIT182.LBDPANEL, moved to LBDPXMIT/P86SET@
2025-04-10 16:34:34.753396 - Found LISTFISF.rexx (text/plain) in SBGOLOB.CBT509.FILE182, moved to PDS/LISTFISF
2025-04-10 16:34:34.753473 - Found LISTFMXI.rexx (text/plain) in SBGOLOB.CBT509.FILE182, moved to PDS/LISTFMXI
2025-04-10 16:34:34.753618 - Found LMODHELP.txt (text/plain) in SBGOLOB.CBT509.FILE182, moved to PDS/LMODHELP
2025-04-10 16:34:34.753953 - Found LMODXMIT.xmi (application/xmit) in SBGOLOB.CBT509.FILE182, moved to PDS/LMODXMIT.xmi
2025-04-10 16:34:34.813053 - Received AD.LMOD.SOURCE from LMODXMIT.xmi 
2025-04-10 16:34:34.813471 - Found APUT.txt (text/plain) in AD.LMOD.SOURCE, moved to LMODXMIT/APUT
2025-04-10 16:34:34.813579 - Found EPUTL.txt (text/plain) in AD.LMOD.SOURCE, moved to LMODXMIT/EPUTL
2025-04-10 16:34:34.814206 - Found LMOD.txt (text/plain) in AD.LMOD.SOURCE, moved to LMODXMIT/LMOD
2025-04-10 16:34:34.814517 - Found LMODHELP.txt (text/plain) in AD.LMOD.SOURCE, moved to LMODXMIT/LMODHELP
2025-04-10 16:34:34.814597 - Found LMODJCL.txt (text/plain) in AD.LMOD.SOURCE, moved to LMODXMIT/LMODJCL
2025-04-10 16:34:34.815100 - Found M$ENTER.txt (text/plain) in SBGOLOB.CBT509.FILE182, moved to PDS/M$ENTER
2025-04-10 16:34:34.815179 - Found M$ERRST.txt (text/plain) in SBGOLOB.CBT509.FILE182, moved to PDS/M$ERRST
2025-04-10 16:34:34.815244 - Found M$EXIT.txt (text/plain) in SBGOLOB.CBT509.FILE182, moved to PDS/M$EXIT
2025-04-10 16:34:34.815309 - Found M$MSG.txt (text/plain) in SBGOLOB.CBT509.FILE182, moved to PDS/M$MSG
2025-04-10 16:34:34.815474 - Found M$PUTGT.txt (text/plain) in SBGOLOB.CBT509.FILE182, moved to PDS/M$PUTGT
2025-04-10 16:34:34.815634 - Found M$PUTLIN.txt (text/plain) in SBGOLOB.CBT509.FILE182, moved to PDS/M$PUTLIN
2025-04-10 16:34:34.815807 - Found M$SORT.txt (text/plain) in SBGOLOB.CBT509.FILE182, moved to PDS/M$SORT
2025-04-10 16:34:34.815874 - Found M$TX.txt (text/plain) in SBGOLOB.CBT509.FILE182, moved to PDS/M$TX
2025-04-10 16:34:34.815945 - Found MCS.rexx (text/plain) in SBGOLOB.CBT509.FILE182, moved to PDS/MCS
2025-04-10 16:34:34.816015 - Found MODMEN.txt (text/plain) in SBGOLOB.CBT509.FILE182, moved to PDS/MODMEN
2025-04-10 16:34:34.816081 - Found MSGCLICK.txt (text/plain) in SBGOLOB.CBT509.FILE182, moved to PDS/MSGCLICK
2025-04-10 16:34:34.816143 - Found NFOPPE.txt (text/plain) in SBGOLOB.CBT509.FILE182, moved to PDS/NFOPPE
2025-04-10 16:34:34.816204 - Found NOTES.txt (text/plain) in SBGOLOB.CBT509.FILE182, moved to PDS/NOTES
2025-04-10 16:34:34.816269 - Found OLDP86P.txt (text/plain) in SBGOLOB.CBT509.FILE182, moved to PDS/OLDP86P
2025-04-10 16:34:34.816463 - Found OLDP86P2.txt (text/plain) in SBGOLOB.CBT509.FILE182, moved to PDS/OLDP86P2
2025-04-10 16:34:34.816525 - Found OLDP86P3.txt (text/plain) in SBGOLOB.CBT509.FILE182, moved to PDS/OLDP86P3
2025-04-10 16:34:34.816588 - Found PACK.txt (text/plain) in SBGOLOB.CBT509.FILE182, moved to PDS/PACK
2025-04-10 16:34:34.816648 - Found PACKED.txt (text/plain) in SBGOLOB.CBT509.FILE182, moved to PDS/PACKED
2025-04-10 16:34:34.816797 - Found PACKXMIT.xmi (application/xmit) in SBGOLOB.CBT509.FILE182, moved to PDS/PACKXMIT.xmi
2025-04-10 16:34:34.835379 - Received CBT.XMIT182.PACKISPF from PACKXMIT.xmi 
2025-04-10 16:34:34.835730 - Found $DOC.txt (text/plain) in CBT.XMIT182.PACKISPF, moved to PACKXMIT/$DOC
2025-04-10 16:34:34.835798 - Found $RECEIVE.rexx (text/plain) in CBT.XMIT182.PACKISPF, moved to PACKXMIT/$RECEIVE
2025-04-10 16:34:34.836174 - Found EXEC.xmi (application/xmit) in CBT.XMIT182.PACKISPF, moved to PACKXMIT/EXEC.xmi
2025-04-10 16:34:34.868131 - Received T311LBD.PACK.EXEC from EXEC.xmi 
2025-04-10 16:34:34.868703 - Found PACKDS.rexx (text/plain) in T311LBD.PACK.EXEC, moved to PACKXMIT/EXEC/PACKDS
2025-04-10 16:34:34.868830 - Found UNPACKDS.rexx (text/plain) in T311LBD.PACK.EXEC, moved to PACKXMIT/EXEC/UNPACKDS
2025-04-10 16:34:34.869262 - Found PANELS.xmi (application/xmit) in CBT.XMIT182.PACKISPF, moved to PACKXMIT/PANELS.xmi
2025-04-10 16:34:34.887318 - Received T311LBD.PACK.PANELS from PANELS.xmi 
2025-04-10 16:34:34.887640 - Found PACKDS.txt (text/plain) in T311LBD.PACK.PANELS, moved to PACKXMIT/PANELS/PACKDS
2025-04-10 16:34:34.887713 - Found UNPACKDS.txt (text/plain) in T311LBD.PACK.PANELS, moved to PACKXMIT/PANELS/UNPACKDS
2025-04-10 16:34:34.888223 - Found PARSEVAR.txt (text/plain) in SBGOLOB.CBT509.FILE182, moved to PDS/PARSEVAR
2025-04-10 16:34:34.888393 - Found PASON.txt (text/plain) in SBGOLOB.CBT509.FILE182, moved to PDS/PASON
2025-04-10 16:34:34.888622 - Found PASQUERY.txt (text/plain) in SBGOLOB.CBT509.FILE182, moved to PDS/PASQUERY
2025-04-10 16:34:34.888773 - Found PASTE.txt (text/plain) in SBGOLOB.CBT509.FILE182, moved to PDS/PASTE
2025-04-10 16:34:34.888841 - Found PASTEDEF.txt (text/plain) in SBGOLOB.CBT509.FILE182, moved to PDS/PASTEDEF
2025-04-10 16:34:34.888899 - Found PASTEDF@.txt (text/plain) in SBGOLOB.CBT509.FILE182, moved to PDS/PASTEDF@
2025-04-10 16:34:34.888960 - Found PASTEPR@.txt (text/plain) in SBGOLOB.CBT509.FILE182, moved to PDS/PASTEPR@
2025-04-10 16:34:34.889019 - Found PASTEPRM.txt (text/plain) in SBGOLOB.CBT509.FILE182, moved to PDS/PASTEPRM
2025-04-10 16:34:34.889078 - Found PC.rexx (text/plain) in SBGOLOB.CBT509.FILE182, moved to PDS/PC
2025-04-10 16:34:34.889547 - Found PCXDRK.vnd.zbrush.pcx (image/vnd.zbrush.pcx) in SBGOLOB.CBT509.FILE182, moved to PDS/PCXDRK
2025-04-10 16:34:34.889660 - Found PCXGP.vnd.zbrush.pcx (image/vnd.zbrush.pcx) in SBGOLOB.CBT509.FILE182, moved to PDS/PCXGP
2025-04-10 16:34:34.889720 - Found PD.txt (text/plain) in SBGOLOB.CBT509.FILE182, moved to PDS/PD
2025-04-10 16:34:34.889780 - Found PDS$JCL.txt (text/plain) in SBGOLOB.CBT509.FILE182, moved to PDS/PDS$JCL
2025-04-10 16:34:34.889846 - Found PDS@PRIM.txt (text/plain) in SBGOLOB.CBT509.FILE182, moved to PDS/PDS@PRIM
2025-04-10 16:34:34.889905 - Found PDSAMS.rexx (text/plain) in SBGOLOB.CBT509.FILE182, moved to PDS/PDSAMS
2025-04-10 16:34:34.889967 - Found PDSASMH.txt (text/plain) in SBGOLOB.CBT509.FILE182, moved to PDS/PDSASMH
2025-04-10 16:34:34.890026 - Found PDSATS.txt (text/plain) in SBGOLOB.CBT509.FILE182, moved to PDS/PDSATS
2025-04-10 16:34:34.890131 - Found PDSBATCH.txt (text/plain) in SBGOLOB.CBT509.FILE182, moved to PDS/PDSBATCH
2025-04-10 16:34:34.890192 - Found PDSBOOK.rexx (text/plain) in SBGOLOB.CBT509.FILE182, moved to PDS/PDSBOOK
2025-04-10 16:34:34.890253 - Found PDSCMD.txt (text/plain) in SBGOLOB.CBT509.FILE182, moved to PDS/PDSCMD
2025-04-10 16:34:34.890348 - Found PDSCMDS.rexx (text/plain) in SBGOLOB.CBT509.FILE182, moved to PDS/PDSCMDS
2025-04-10 16:34:34.890405 - Found PDSCOMP.txt (text/plain) in SBGOLOB.CBT509.FILE182, moved to PDS/PDSCOMP
2025-04-10 16:34:34.890566 - Found PDSDIR4.rexx (text/plain) in SBGOLOB.CBT509.FILE182, moved to PDS/PDSDIR4
2025-04-10 16:34:34.890626 - Found PDSEDIT$.txt (text/plain) in SBGOLOB.CBT509.FILE182, moved to PDS/PDSEDIT$
2025-04-10 16:34:34.890683 - Found PDSELM.rexx (text/plain) in SBGOLOB.CBT509.FILE182, moved to PDS/PDSELM
2025-04-10 16:34:34.890929 - Found PDSEQU.txt (text/plain) in SBGOLOB.CBT509.FILE182, moved to PDS/PDSEQU
2025-04-10 16:34:34.891070 - Found PDSEQU2.txt (text/plain) in SBGOLOB.CBT509.FILE182, moved to PDS/PDSEQU2
2025-04-10 16:34:34.891130 - Found PDSGRPS.txt (text/plain) in SBGOLOB.CBT509.FILE182, moved to PDS/PDSGRPS
2025-04-10 16:34:34.891914 - Found PDSHELP.txt (text/plain) in SBGOLOB.CBT509.FILE182, moved to PDS/PDSHELP
2025-04-10 16:34:34.891976 - Found PDSHELPQ.txt (text/plain) in SBGOLOB.CBT509.FILE182, moved to PDS/PDSHELPQ
2025-04-10 16:34:34.892044 - Found PDSHJCL.txt (text/plain) in SBGOLOB.CBT509.FILE182, moved to PDS/PDSHJCL
2025-04-10 16:34:34.892167 - Found PDSINFO.rexx (text/plain) in SBGOLOB.CBT509.FILE182, moved to PDS/PDSINFO
2025-04-10 16:34:34.892361 - Found PDSJCL.txt (text/plain) in SBGOLOB.CBT509.FILE182, moved to PDS/PDSJCL
2025-04-10 16:34:34.892482 - Found PDSJCLAD.txt (text/plain) in SBGOLOB.CBT509.FILE182, moved to PDS/PDSJCLAD
2025-04-10 16:34:34.892541 - Found PDSJCLHL.txt (text/plain) in SBGOLOB.CBT509.FILE182, moved to PDS/PDSJCLHL
2025-04-10 16:34:34.892601 - Found PDSJCLUT.txt (text/plain) in SBGOLOB.CBT509.FILE182, moved to PDS/PDSJCLUT
2025-04-10 16:34:34.892661 - Found PDSLAB.txt (text/plain) in SBGOLOB.CBT509.FILE182, moved to PDS/PDSLAB
2025-04-10 16:34:34.892720 - Found PDSLIBDF.txt (text/plain) in SBGOLOB.CBT509.FILE182, moved to PDS/PDSLIBDF
2025-04-10 16:34:34.892788 - Found PDSMG.rexx (text/plain) in SBGOLOB.CBT509.FILE182, moved to PDS/PDSMG
2025-04-10 16:34:34.892848 - Found PDSMODEL.rexx (text/plain) in SBGOLOB.CBT509.FILE182, moved to PDS/PDSMODEL
2025-04-10 16:34:34.892906 - Found PDSMSGS.rexx (text/plain) in SBGOLOB.CBT509.FILE182, moved to PDS/PDSMSGS
2025-04-10 16:34:34.892967 - Found PDSM86.txt (text/plain) in SBGOLOB.CBT509.FILE182, moved to PDS/PDSM86
2025-04-10 16:34:34.893151 - Found PDSORIG.txt (text/plain) in SBGOLOB.CBT509.FILE182, moved to PDS/PDSORIG
2025-04-10 16:34:34.893209 - Found PDSORIG$.txt (text/plain) in SBGOLOB.CBT509.FILE182, moved to PDS/PDSORIG$
2025-04-10 16:34:34.893269 - Found PDSPARSE.rexx (text/plain) in SBGOLOB.CBT509.FILE182, moved to PDS/PDSPARSE
2025-04-10 16:34:34.893331 - Found PDSPJCL.txt (text/plain) in SBGOLOB.CBT509.FILE182, moved to PDS/PDSPJCL
2025-04-10 16:34:34.893392 - Found PDSQINST.rexx (text/plain) in SBGOLOB.CBT509.FILE182, moved to PDS/PDSQINST
2025-04-10 16:34:34.893459 - Found PDSQWGEN.rexx (text/plain) in SBGOLOB.CBT509.FILE182, moved to PDS/PDSQWGEN
2025-04-10 16:34:34.893523 - Found PDSQWIKI.txt (text/plain) in SBGOLOB.CBT509.FILE182, moved to PDS/PDSQWIKI
2025-04-10 16:34:34.893586 - Found PDSQWLOD.txt (text/plain) in SBGOLOB.CBT509.FILE182, moved to PDS/PDSQWLOD
2025-04-10 16:34:34.893645 - Found PDSSETUP.txt (text/plain) in SBGOLOB.CBT509.FILE182, moved to PDS/PDSSETUP
2025-04-10 16:34:34.893702 - Found PDSSTATS.rexx (text/plain) in SBGOLOB.CBT509.FILE182, moved to PDS/PDSSTATS
2025-04-10 16:34:34.893760 - Found PDSTI.rexx (text/plain) in SBGOLOB.CBT509.FILE182, moved to PDS/PDSTI
2025-04-10 16:34:34.893818 - Found PDSTOUCH.rexx (text/plain) in SBGOLOB.CBT509.FILE182, moved to PDS/PDSTOUCH
2025-04-10 16:34:34.893874 - Found PDSTRAP.txt (text/plain) in SBGOLOB.CBT509.FILE182, moved to PDS/PDSTRAP
2025-04-10 16:34:34.893930 - Found PDSTRAPT.txt (text/plain) in SBGOLOB.CBT509.FILE182, moved to PDS/PDSTRAPT
2025-04-10 16:34:34.893988 - Found PDSTRAPW.txt (text/plain) in SBGOLOB.CBT509.FILE182, moved to PDS/PDSTRAPW
2025-04-10 16:34:34.894045 - Found PDSTRIM.rexx (text/plain) in SBGOLOB.CBT509.FILE182, moved to PDS/PDSTRIM
2025-04-10 16:34:34.894296 - Found PDSVERS.rexx (text/plain) in SBGOLOB.CBT509.FILE182, moved to PDS/PDSVERS
2025-04-10 16:34:34.894355 - Found PDS86X.rexx (text/plain) in SBGOLOB.CBT509.FILE182, moved to PDS/PDS86X
2025-04-10 16:34:34.895002 - Found PGHXMIT.xmi (application/xmit) in SBGOLOB.CBT509.FILE182, moved to PDS/PGHXMIT.xmi
2025-04-10 16:34:34.937700 - Received TRIDJK.PGHELP from PGHXMIT.xmi 
2025-04-10 16:34:34.938999 - Found PDSEGEN.txt (text/plain) in TRIDJK.PGHELP, moved to PGHXMIT/PDSEGEN
2025-04-10 16:34:34.939169 - Found PGLITE.txt (text/plain) in TRIDJK.PGHELP, moved to PGHXMIT/PGLITE
2025-04-10 16:34:34.940298 - Found PGLITE.rexx (text/plain) in SBGOLOB.CBT509.FILE182, moved to PDS/PGLITE
2025-04-10 16:34:34.940506 - Found PGLQR.txt (text/plain) in SBGOLOB.CBT509.FILE182, moved to PDS/PGLQR
2025-04-10 16:34:34.940696 - Found PGLX.txt (text/plain) in SBGOLOB.CBT509.FILE182, moved to PDS/PGLX
2025-04-10 16:34:34.940770 - Found PLUG.rexx (text/plain) in SBGOLOB.CBT509.FILE182, moved to PDS/PLUG
2025-04-10 16:34:34.940840 - Found PLUG#.txt (text/plain) in SBGOLOB.CBT509.FILE182, moved to PDS/PLUG#
2025-04-10 16:34:34.942236 - Found PPTNEW.ppt (application/vnd.ms-powerpoint) in SBGOLOB.CBT509.FILE182, moved to docs/PPTNEW.ppt
2025-04-10 16:34:34.943377 - Found PPTPDS.ppt (application/vnd.ms-powerpoint) in SBGOLOB.CBT509.FILE182, moved to docs/PPTPDS.ppt
2025-04-10 16:34:34.943457 - Found PRTMSGS.rexx (text/plain) in SBGOLOB.CBT509.FILE182, moved to PDS/PRTMSGS
2025-04-10 16:34:34.943535 - Found P86@CUA.txt (text/plain) in SBGOLOB.CBT509.FILE182, moved to PDS/P86@CUA
2025-04-10 16:34:34.943600 - Found P86ALCLF.txt (text/plain) in SBGOLOB.CBT509.FILE182, moved to PDS/P86ALCLF
2025-04-10 16:34:34.943798 - Found P86ALCMN.txt (text/plain) in SBGOLOB.CBT509.FILE182, moved to PDS/P86ALCMN
2025-04-10 16:34:34.943859 - Found P86ALCPO.txt (text/plain) in SBGOLOB.CBT509.FILE182, moved to PDS/P86ALCPO
2025-04-10 16:34:34.943920 - Found P86ALCPS.txt (text/plain) in SBGOLOB.CBT509.FILE182, moved to PDS/P86ALCPS
2025-04-10 16:34:34.943981 - Found P86ART0.txt (text/plain) in SBGOLOB.CBT509.FILE182, moved to PDS/P86ART0
2025-04-10 16:34:34.944246 - Found P86ART1.txt (text/plain) in SBGOLOB.CBT509.FILE182, moved to PDS/P86ART1
2025-04-10 16:34:34.944466 - Found P86ART2A.txt (text/plain) in SBGOLOB.CBT509.FILE182, moved to PDS/P86ART2A
2025-04-10 16:34:34.944568 - Found P86ART2B.txt (text/plain) in SBGOLOB.CBT509.FILE182, moved to PDS/P86ART2B
2025-04-10 16:34:34.944676 - Found P86ART3.txt (text/plain) in SBGOLOB.CBT509.FILE182, moved to PDS/P86ART3
2025-04-10 16:34:34.944741 - Found P86BIRTH.txt (text/plain) in SBGOLOB.CBT509.FILE182, moved to PDS/P86BIRTH
2025-04-10 16:34:34.944799 - Found P86BLKP.txt (text/plain) in SBGOLOB.CBT509.FILE182, moved to PDS/P86BLKP
2025-04-10 16:34:34.944856 - Found P86BLUES.txt (text/plain) in SBGOLOB.CBT509.FILE182, moved to PDS/P86BLUES
2025-04-10 16:34:34.944916 - Found P86BUSY.txt (text/plain) in SBGOLOB.CBT509.FILE182, moved to PDS/P86BUSY
2025-04-10 16:34:34.944979 - Found P86CHEAP.txt (text/plain) in SBGOLOB.CBT509.FILE182, moved to PDS/P86CHEAP
2025-04-10 16:34:34.945148 - Found P86CHEAT.txt (text/plain) in SBGOLOB.CBT509.FILE182, moved to PDS/P86CHEAT
2025-04-10 16:34:34.945206 - Found P86CHET0.txt (text/plain) in SBGOLOB.CBT509.FILE182, moved to PDS/P86CHET0
2025-04-10 16:34:34.945294 - Found P86CHG@.txt (text/plain) in SBGOLOB.CBT509.FILE182, moved to PDS/P86CHG@
2025-04-10 16:34:34.945350 - Found P86CHG@X.txt (text/plain) in SBGOLOB.CBT509.FILE182, moved to PDS/P86CHG@X
2025-04-10 16:34:34.945450 - Found P86CHGS.txt (text/plain) in SBGOLOB.CBT509.FILE182, moved to PDS/P86CHGS
2025-04-10 16:34:34.945507 - Found P86CUST.txt (text/plain) in SBGOLOB.CBT509.FILE182, moved to PDS/P86CUST
2025-04-10 16:34:34.945565 - Found P86CX@P.txt (text/plain) in SBGOLOB.CBT509.FILE182, moved to PDS/P86CX@P
2025-04-10 16:34:34.945627 - Found P86CXFTX.txt (text/plain) in SBGOLOB.CBT509.FILE182, moved to PDS/P86CXFTX
2025-04-10 16:34:34.945685 - Found P86CXSOX.txt (text/plain) in SBGOLOB.CBT509.FILE182, moved to PDS/P86CXSOX
2025-04-10 16:34:34.945747 - Found P86CXTB.txt (text/plain) in SBGOLOB.CBT509.FILE182, moved to PDS/P86CXTB
2025-04-10 16:34:34.945806 - Found P86DSNP.txt (text/plain) in SBGOLOB.CBT509.FILE182, moved to PDS/P86DSNP
2025-04-10 16:34:34.945973 - Found P86DUMI.txt (text/plain) in SBGOLOB.CBT509.FILE182, moved to PDS/P86DUMI
2025-04-10 16:34:34.946032 - Found P86EQUAG.txt (text/plain) in SBGOLOB.CBT509.FILE182, moved to PDS/P86EQUAG
2025-04-10 16:34:34.946109 - Found P86EQUA2.txt (text/plain) in SBGOLOB.CBT509.FILE182, moved to PDS/P86EQUA2
2025-04-10 16:34:34.946265 - Found P86EQUA3.txt (text/plain) in SBGOLOB.CBT509.FILE182, moved to PDS/P86EQUA3
2025-04-10 16:34:34.946392 - Found P86EQUA4.txt (text/plain) in SBGOLOB.CBT509.FILE182, moved to PDS/P86EQUA4
2025-04-10 16:34:34.946450 - Found P86EQUH$.txt (text/plain) in SBGOLOB.CBT509.FILE182, moved to PDS/P86EQUH$
2025-04-10 16:34:34.946508 - Found P86EQUH@.txt (text/plain) in SBGOLOB.CBT509.FILE182, moved to PDS/P86EQUH@
2025-04-10 16:34:34.946568 - Found P86EQUH1.txt (text/plain) in SBGOLOB.CBT509.FILE182, moved to PDS/P86EQUH1
2025-04-10 16:34:34.946628 - Found P86EQUH2.txt (text/plain) in SBGOLOB.CBT509.FILE182, moved to PDS/P86EQUH2
2025-04-10 16:34:34.946750 - Found P86EQUH3.txt (text/plain) in SBGOLOB.CBT509.FILE182, moved to PDS/P86EQUH3
2025-04-10 16:34:34.946808 - Found P86EQUH4.txt (text/plain) in SBGOLOB.CBT509.FILE182, moved to PDS/P86EQUH4
2025-04-10 16:34:34.946868 - Found P86EXPAN.txt (text/plain) in SBGOLOB.CBT509.FILE182, moved to PDS/P86EXPAN
2025-04-10 16:34:34.946925 - Found P86FN@PH.txt (text/plain) in SBGOLOB.CBT509.FILE182, moved to PDS/P86FN@PH
2025-04-10 16:34:34.946985 - Found P86FNFN.txt (text/plain) in SBGOLOB.CBT509.FILE182, moved to PDS/P86FNFN
2025-04-10 16:34:34.947048 - Found P86FSHEL.txt (text/plain) in SBGOLOB.CBT509.FILE182, moved to PDS/P86FSHEL
2025-04-10 16:34:34.947107 - Found P86FU@P.txt (text/plain) in SBGOLOB.CBT509.FILE182, moved to PDS/P86FU@P
2025-04-10 16:34:34.947254 - Found P86FU@PO.txt (text/plain) in SBGOLOB.CBT509.FILE182, moved to PDS/P86FU@PO
2025-04-10 16:34:34.947319 - Found P86FUCN.txt (text/plain) in SBGOLOB.CBT509.FILE182, moved to PDS/P86FUCN
2025-04-10 16:34:34.947381 - Found P86INFO.txt (text/plain) in SBGOLOB.CBT509.FILE182, moved to PDS/P86INFO
2025-04-10 16:34:34.947443 - Found P86LA@L.txt (text/plain) in SBGOLOB.CBT509.FILE182, moved to PDS/P86LA@L
2025-04-10 16:34:34.947501 - Found P86LA@LH.txt (text/plain) in SBGOLOB.CBT509.FILE182, moved to PDS/P86LA@LH
2025-04-10 16:34:34.947558 - Found P86LA@P.txt (text/plain) in SBGOLOB.CBT509.FILE182, moved to PDS/P86LA@P
2025-04-10 16:34:34.947616 - Found P86LA@PH.txt (text/plain) in SBGOLOB.CBT509.FILE182, moved to PDS/P86LA@PH
2025-04-10 16:34:34.947673 - Found P86LAFTA.txt (text/plain) in SBGOLOB.CBT509.FILE182, moved to PDS/P86LAFTA
2025-04-10 16:34:34.947771 - Found P86LALTA.txt (text/plain) in SBGOLOB.CBT509.FILE182, moved to PDS/P86LALTA
2025-04-10 16:34:34.947949 - Found P86LATB.txt (text/plain) in SBGOLOB.CBT509.FILE182, moved to PDS/P86LATB
2025-04-10 16:34:34.948083 - Found P86LAUX.txt (text/plain) in SBGOLOB.CBT509.FILE182, moved to PDS/P86LAUX
2025-04-10 16:34:34.948282 - Found P86LC@L.txt (text/plain) in SBGOLOB.CBT509.FILE182, moved to PDS/P86LC@L
2025-04-10 16:34:34.948339 - Found P86LC@LH.txt (text/plain) in SBGOLOB.CBT509.FILE182, moved to PDS/P86LC@LH
2025-04-10 16:34:34.948400 - Found P86LC@P.txt (text/plain) in SBGOLOB.CBT509.FILE182, moved to PDS/P86LC@P
2025-04-10 16:34:34.948458 - Found P86LCCH.txt (text/plain) in SBGOLOB.CBT509.FILE182, moved to PDS/P86LCCH
2025-04-10 16:34:34.948517 - Found P86LCDE.txt (text/plain) in SBGOLOB.CBT509.FILE182, moved to PDS/P86LCDE
2025-04-10 16:34:34.948583 - Found P86LCDST.txt (text/plain) in SBGOLOB.CBT509.FILE182, moved to PDS/P86LCDST
2025-04-10 16:34:34.948649 - Found P86LCD2.txt (text/plain) in SBGOLOB.CBT509.FILE182, moved to PDS/P86LCD2
2025-04-10 16:34:34.948711 - Found P86LCFE.txt (text/plain) in SBGOLOB.CBT509.FILE182, moved to PDS/P86LCFE
2025-04-10 16:34:34.948768 - Found P86LCFTC.txt (text/plain) in SBGOLOB.CBT509.FILE182, moved to PDS/P86LCFTC
2025-04-10 16:34:34.948825 - Found P86LCLTC.txt (text/plain) in SBGOLOB.CBT509.FILE182, moved to PDS/P86LCLTC
2025-04-10 16:34:34.948884 - Found P86LCRAC.txt (text/plain) in SBGOLOB.CBT509.FILE182, moved to PDS/P86LCRAC
2025-04-10 16:34:34.948944 - Found P86LCRE.txt (text/plain) in SBGOLOB.CBT509.FILE182, moved to PDS/P86LCRE
2025-04-10 16:34:34.949001 - Found P86LCR2.txt (text/plain) in SBGOLOB.CBT509.FILE182, moved to PDS/P86LCR2
2025-04-10 16:34:34.949057 - Found P86LCSOC.txt (text/plain) in SBGOLOB.CBT509.FILE182, moved to PDS/P86LCSOC
2025-04-10 16:34:34.949206 - Found P86LCTB.txt (text/plain) in SBGOLOB.CBT509.FILE182, moved to PDS/P86LCTB
2025-04-10 16:34:34.949272 - Found P86LCUX.txt (text/plain) in SBGOLOB.CBT509.FILE182, moved to PDS/P86LCUX
2025-04-10 16:34:34.949332 - Found P86LCVTC.txt (text/plain) in SBGOLOB.CBT509.FILE182, moved to PDS/P86LCVTC
2025-04-10 16:34:34.949392 - Found P86LCVTV.txt (text/plain) in SBGOLOB.CBT509.FILE182, moved to PDS/P86LCVTV
2025-04-10 16:34:34.949491 - Found P86LCVT2.txt (text/plain) in SBGOLOB.CBT509.FILE182, moved to PDS/P86LCVT2
2025-04-10 16:34:34.949654 - Found P86LINEC.txt (text/plain) in SBGOLOB.CBT509.FILE182, moved to PDS/P86LINEC
2025-04-10 16:34:34.949775 - Found P86LL@P.txt (text/plain) in SBGOLOB.CBT509.FILE182, moved to PDS/P86LL@P
2025-04-10 16:34:34.949833 - Found P86LL@PH.txt (text/plain) in SBGOLOB.CBT509.FILE182, moved to PDS/P86LL@PH
2025-04-10 16:34:34.949890 - Found P86LLUX.txt (text/plain) in SBGOLOB.CBT509.FILE182, moved to PDS/P86LLUX
2025-04-10 16:34:34.950059 - Found P86LO@P.txt (text/plain) in SBGOLOB.CBT509.FILE182, moved to PDS/P86LO@P
2025-04-10 16:34:34.950117 - Found P86LOA.txt (text/plain) in SBGOLOB.CBT509.FILE182, moved to PDS/P86LOA
2025-04-10 16:34:34.950175 - Found P86LOAL.txt (text/plain) in SBGOLOB.CBT509.FILE182, moved to PDS/P86LOAL
2025-04-10 16:34:34.950236 - Found P86LOAM.txt (text/plain) in SBGOLOB.CBT509.FILE182, moved to PDS/P86LOAM
2025-04-10 16:34:34.950295 - Found P86LOAU.txt (text/plain) in SBGOLOB.CBT509.FILE182, moved to PDS/P86LOAU
2025-04-10 16:34:34.950354 - Found P86LOCB.txt (text/plain) in SBGOLOB.CBT509.FILE182, moved to PDS/P86LOCB
2025-04-10 16:34:34.950412 - Found P86LOCC.txt (text/plain) in SBGOLOB.CBT509.FILE182, moved to PDS/P86LOCC
2025-04-10 16:34:34.950574 - Found P86LOCL.txt (text/plain) in SBGOLOB.CBT509.FILE182, moved to PDS/P86LOCL
2025-04-10 16:34:34.950632 - Found P86LOCO.txt (text/plain) in SBGOLOB.CBT509.FILE182, moved to PDS/P86LOCO
2025-04-10 16:34:34.950694 - Found P86LOCP.txt (text/plain) in SBGOLOB.CBT509.FILE182, moved to PDS/P86LOCP
2025-04-10 16:34:34.950750 - Found P86LODC.txt (text/plain) in SBGOLOB.CBT509.FILE182, moved to PDS/P86LODC
2025-04-10 16:34:34.950809 - Found P86LODE.txt (text/plain) in SBGOLOB.CBT509.FILE182, moved to PDS/P86LODE
2025-04-10 16:34:34.950868 - Found P86LODS.txt (text/plain) in SBGOLOB.CBT509.FILE182, moved to PDS/P86LODS
2025-04-10 16:34:34.950929 - Found P86LOE.txt (text/plain) in SBGOLOB.CBT509.FILE182, moved to PDS/P86LOE
2025-04-10 16:34:34.950986 - Found P86LOF.txt (text/plain) in SBGOLOB.CBT509.FILE182, moved to PDS/P86LOF
2025-04-10 16:34:34.951045 - Found P86LOFB.txt (text/plain) in SBGOLOB.CBT509.FILE182, moved to PDS/P86LOFB
2025-04-10 16:34:34.951101 - Found P86LOFE.txt (text/plain) in SBGOLOB.CBT509.FILE182, moved to PDS/P86LOFE
2025-04-10 16:34:34.951225 - Found P86LOFS.txt (text/plain) in SBGOLOB.CBT509.FILE182, moved to PDS/P86LOFS
2025-04-10 16:34:34.951422 - Found P86LOGO.txt (text/plain) in SBGOLOB.CBT509.FILE182, moved to PDS/P86LOGO
2025-04-10 16:34:34.951504 - Found P86LOHE.txt (text/plain) in SBGOLOB.CBT509.FILE182, moved to PDS/P86LOHE
2025-04-10 16:34:34.951565 - Found P86LOHE1.txt (text/plain) in SBGOLOB.CBT509.FILE182, moved to PDS/P86LOHE1
2025-04-10 16:34:34.951630 - Found P86LOHH.txt (text/plain) in SBGOLOB.CBT509.FILE182, moved to PDS/P86LOHH
2025-04-10 16:34:34.951690 - Found P86LOHI.txt (text/plain) in SBGOLOB.CBT509.FILE182, moved to PDS/P86LOHI
2025-04-10 16:34:34.951855 - Found P86LOIV.txt (text/plain) in SBGOLOB.CBT509.FILE182, moved to PDS/P86LOIV
2025-04-10 16:34:34.951912 - Found P86LOL.txt (text/plain) in SBGOLOB.CBT509.FILE182, moved to PDS/P86LOL
2025-04-10 16:34:34.951968 - Found P86LOLM.txt (text/plain) in SBGOLOB.CBT509.FILE182, moved to PDS/P86LOLM
2025-04-10 16:34:34.952029 - Found P86LOLO.txt (text/plain) in SBGOLOB.CBT509.FILE182, moved to PDS/P86LOLO
2025-04-10 16:34:34.952087 - Found P86LOM.txt (text/plain) in SBGOLOB.CBT509.FILE182, moved to PDS/P86LOM
2025-04-10 16:34:34.952152 - Found P86LOOU.txt (text/plain) in SBGOLOB.CBT509.FILE182, moved to PDS/P86LOOU
2025-04-10 16:34:34.952210 - Found P86LOPR.txt (text/plain) in SBGOLOB.CBT509.FILE182, moved to PDS/P86LOPR
2025-04-10 16:34:34.952269 - Found P86LOPT.txt (text/plain) in SBGOLOB.CBT509.FILE182, moved to PDS/P86LOPT
2025-04-10 16:34:34.952325 - Found P86LORE.txt (text/plain) in SBGOLOB.CBT509.FILE182, moved to PDS/P86LORE
2025-04-10 16:34:34.952381 - Found P86LORP.txt (text/plain) in SBGOLOB.CBT509.FILE182, moved to PDS/P86LORP
2025-04-10 16:34:34.952440 - Found P86LORR.txt (text/plain) in SBGOLOB.CBT509.FILE182, moved to PDS/P86LORR
2025-04-10 16:34:34.952607 - Found P86LORV.txt (text/plain) in SBGOLOB.CBT509.FILE182, moved to PDS/P86LORV
2025-04-10 16:34:34.952743 - Found P86LOTE.txt (text/plain) in SBGOLOB.CBT509.FILE182, moved to PDS/P86LOTE
2025-04-10 16:34:34.952879 - Found P86LOTL.txt (text/plain) in SBGOLOB.CBT509.FILE182, moved to PDS/P86LOTL
2025-04-10 16:34:34.952937 - Found P86LOUX.txt (text/plain) in SBGOLOB.CBT509.FILE182, moved to PDS/P86LOUX
2025-04-10 16:34:34.952997 - Found P86LOV.txt (text/plain) in SBGOLOB.CBT509.FILE182, moved to PDS/P86LOV
2025-04-10 16:34:34.953055 - Found P86LOVP.txt (text/plain) in SBGOLOB.CBT509.FILE182, moved to PDS/P86LOVP
2025-04-10 16:34:34.953197 - Found P86LOXM.txt (text/plain) in SBGOLOB.CBT509.FILE182, moved to PDS/P86LOXM
2025-04-10 16:34:34.953255 - Found P86LT@L.txt (text/plain) in SBGOLOB.CBT509.FILE182, moved to PDS/P86LT@L
2025-04-10 16:34:34.953311 - Found P86LTUP.txt (text/plain) in SBGOLOB.CBT509.FILE182, moved to PDS/P86LTUP
2025-04-10 16:34:34.953367 - Found P86LTUX.txt (text/plain) in SBGOLOB.CBT509.FILE182, moved to PDS/P86LTUX
2025-04-10 16:34:34.953426 - Found P86LV@L.txt (text/plain) in SBGOLOB.CBT509.FILE182, moved to PDS/P86LV@L
2025-04-10 16:34:34.953483 - Found P86LV@P.txt (text/plain) in SBGOLOB.CBT509.FILE182, moved to PDS/P86LV@P
2025-04-10 16:34:34.953541 - Found P86LVFTV.txt (text/plain) in SBGOLOB.CBT509.FILE182, moved to PDS/P86LVFTV
2025-04-10 16:34:34.953598 - Found P86LVLTV.txt (text/plain) in SBGOLOB.CBT509.FILE182, moved to PDS/P86LVLTV
2025-04-10 16:34:34.953667 - Found P86LVSOV.txt (text/plain) in SBGOLOB.CBT509.FILE182, moved to PDS/P86LVSOV
2025-04-10 16:34:34.953725 - Found P86LVTB.txt (text/plain) in SBGOLOB.CBT509.FILE182, moved to PDS/P86LVTB
2025-04-10 16:34:34.953781 - Found P86LVUX.txt (text/plain) in SBGOLOB.CBT509.FILE182, moved to PDS/P86LVUX
2025-04-10 16:34:34.953838 - Found P86LVVT.txt (text/plain) in SBGOLOB.CBT509.FILE182, moved to PDS/P86LVVT
2025-04-10 16:34:34.953894 - Found P86LX@L.txt (text/plain) in SBGOLOB.CBT509.FILE182, moved to PDS/P86LX@L
2025-04-10 16:34:34.953953 - Found P86LX@LH.txt (text/plain) in SBGOLOB.CBT509.FILE182, moved to PDS/P86LX@LH
2025-04-10 16:34:34.954010 - Found P86LXUX.txt (text/plain) in SBGOLOB.CBT509.FILE182, moved to PDS/P86LXUX
2025-04-10 16:34:34.954130 - Found P86MEML.txt (text/plain) in SBGOLOB.CBT509.FILE182, moved to PDS/P86MEML
2025-04-10 16:34:34.954262 - Found P86MEMLU.txt (text/plain) in SBGOLOB.CBT509.FILE182, moved to PDS/P86MEMLU
2025-04-10 16:34:34.954320 - Found P86MN@P.txt (text/plain) in SBGOLOB.CBT509.FILE182, moved to PDS/P86MN@P
2025-04-10 16:34:34.954384 - Found P86MN@PO.txt (text/plain) in SBGOLOB.CBT509.FILE182, moved to PDS/P86MN@PO
2025-04-10 16:34:34.954502 - Found P86MNFE.txt (text/plain) in SBGOLOB.CBT509.FILE182, moved to PDS/P86MNFE
2025-04-10 16:34:34.954668 - Found P86MNFTM.txt (text/plain) in SBGOLOB.CBT509.FILE182, moved to PDS/P86MNFTM
2025-04-10 16:34:34.954725 - Found P86MNFTU.txt (text/plain) in SBGOLOB.CBT509.FILE182, moved to PDS/P86MNFTU
2025-04-10 16:34:34.954782 - Found P86MNSOM.txt (text/plain) in SBGOLOB.CBT509.FILE182, moved to PDS/P86MNSOM
2025-04-10 16:34:34.954839 - Found P86MNSOU.txt (text/plain) in SBGOLOB.CBT509.FILE182, moved to PDS/P86MNSOU
2025-04-10 16:34:34.954898 - Found P86MNTB.txt (text/plain) in SBGOLOB.CBT509.FILE182, moved to PDS/P86MNTB
2025-04-10 16:34:34.954954 - Found P86MODEL.txt (text/plain) in SBGOLOB.CBT509.FILE182, moved to PDS/P86MODEL
2025-04-10 16:34:34.955008 - Found P86OLDP.txt (text/plain) in SBGOLOB.CBT509.FILE182, moved to PDS/P86OLDP
2025-04-10 16:34:34.955067 - Found P86OLDP2.txt (text/plain) in SBGOLOB.CBT509.FILE182, moved to PDS/P86OLDP2
2025-04-10 16:34:34.955126 - Found P86OLDP3.txt (text/plain) in SBGOLOB.CBT509.FILE182, moved to PDS/P86OLDP3
2025-04-10 16:34:34.955185 - Found P86OP@P.txt (text/plain) in SBGOLOB.CBT509.FILE182, moved to PDS/P86OP@P
2025-04-10 16:34:34.955240 - Found P86OP@PH.txt (text/plain) in SBGOLOB.CBT509.FILE182, moved to PDS/P86OP@PH
2025-04-10 16:34:34.955299 - Found P86OP@PO.txt (text/plain) in SBGOLOB.CBT509.FILE182, moved to PDS/P86OP@PO
2025-04-10 16:34:34.955390 - Found P86OPA.txt (text/plain) in SBGOLOB.CBT509.FILE182, moved to PDS/P86OPA
2025-04-10 16:34:34.955448 - Found P86OPAL.txt (text/plain) in SBGOLOB.CBT509.FILE182, moved to PDS/P86OPAL
2025-04-10 16:34:34.955503 - Found P86OPAM.txt (text/plain) in SBGOLOB.CBT509.FILE182, moved to PDS/P86OPAM
2025-04-10 16:34:34.955562 - Found P86OPAU.txt (text/plain) in SBGOLOB.CBT509.FILE182, moved to PDS/P86OPAU
2025-04-10 16:34:34.955618 - Found P86OPBR.txt (text/plain) in SBGOLOB.CBT509.FILE182, moved to PDS/P86OPBR
2025-04-10 16:34:34.955675 - Found P86OPCA.txt (text/plain) in SBGOLOB.CBT509.FILE182, moved to PDS/P86OPCA
2025-04-10 16:34:34.955731 - Found P86OPCB.txt (text/plain) in SBGOLOB.CBT509.FILE182, moved to PDS/P86OPCB
2025-04-10 16:34:34.955789 - Found P86OPCC.txt (text/plain) in SBGOLOB.CBT509.FILE182, moved to PDS/P86OPCC
2025-04-10 16:34:34.955847 - Found P86OPCH.txt (text/plain) in SBGOLOB.CBT509.FILE182, moved to PDS/P86OPCH
2025-04-10 16:34:34.955903 - Found P86OPCN.txt (text/plain) in SBGOLOB.CBT509.FILE182, moved to PDS/P86OPCN
2025-04-10 16:34:34.955959 - Found P86OPCP.txt (text/plain) in SBGOLOB.CBT509.FILE182, moved to PDS/P86OPCP
2025-04-10 16:34:34.956015 - Found P86OPCR.txt (text/plain) in SBGOLOB.CBT509.FILE182, moved to PDS/P86OPCR
2025-04-10 16:34:34.956071 - Found P86OPDC.txt (text/plain) in SBGOLOB.CBT509.FILE182, moved to PDS/P86OPDC
2025-04-10 16:34:34.956168 - Found P86OPDE.txt (text/plain) in SBGOLOB.CBT509.FILE182, moved to PDS/P86OPDE
2025-04-10 16:34:34.956312 - Found P86OPDI.txt (text/plain) in SBGOLOB.CBT509.FILE182, moved to PDS/P86OPDI
2025-04-10 16:34:34.956459 - Found P86OPDP.txt (text/plain) in SBGOLOB.CBT509.FILE182, moved to PDS/P86OPDP
2025-04-10 16:34:34.956620 - Found P86OPDR.txt (text/plain) in SBGOLOB.CBT509.FILE182, moved to PDS/P86OPDR
2025-04-10 16:34:34.956677 - Found P86OPDS.txt (text/plain) in SBGOLOB.CBT509.FILE182, moved to PDS/P86OPDS
2025-04-10 16:34:34.956733 - Found P86OPED.txt (text/plain) in SBGOLOB.CBT509.FILE182, moved to PDS/P86OPED
2025-04-10 16:34:34.956790 - Found P86OPFE.txt (text/plain) in SBGOLOB.CBT509.FILE182, moved to PDS/P86OPFE
2025-04-10 16:34:34.956849 - Found P86OPFI.txt (text/plain) in SBGOLOB.CBT509.FILE182, moved to PDS/P86OPFI
2025-04-10 16:34:34.956911 - Found P86OPFS.txt (text/plain) in SBGOLOB.CBT509.FILE182, moved to PDS/P86OPFS
2025-04-10 16:34:34.956969 - Found P86OPFTS.txt (text/plain) in SBGOLOB.CBT509.FILE182, moved to PDS/P86OPFTS
2025-04-10 16:34:34.957026 - Found P86OPFX.txt (text/plain) in SBGOLOB.CBT509.FILE182, moved to PDS/P86OPFX
2025-04-10 16:34:34.957085 - Found P86OPGR.txt (text/plain) in SBGOLOB.CBT509.FILE182, moved to PDS/P86OPGR
2025-04-10 16:34:34.957146 - Found P86OPGR2.txt (text/plain) in SBGOLOB.CBT509.FILE182, moved to PDS/P86OPGR2
2025-04-10 16:34:34.957203 - Found P86OPHE.txt (text/plain) in SBGOLOB.CBT509.FILE182, moved to PDS/P86OPHE
2025-04-10 16:34:34.957259 - Found P86OPHE1.txt (text/plain) in SBGOLOB.CBT509.FILE182, moved to PDS/P86OPHE1
2025-04-10 16:34:34.957318 - Found P86OPHH.txt (text/plain) in SBGOLOB.CBT509.FILE182, moved to PDS/P86OPHH
2025-04-10 16:34:34.957374 - Found P86OPHI.txt (text/plain) in SBGOLOB.CBT509.FILE182, moved to PDS/P86OPHI
2025-04-10 16:34:34.957430 - Found P86OPIF.txt (text/plain) in SBGOLOB.CBT509.FILE182, moved to PDS/P86OPIF
2025-04-10 16:34:34.957486 - Found P86OPIFU.txt (text/plain) in SBGOLOB.CBT509.FILE182, moved to PDS/P86OPIFU
2025-04-10 16:34:34.957549 - Found P86OPIM.txt (text/plain) in SBGOLOB.CBT509.FILE182, moved to PDS/P86OPIM
2025-04-10 16:34:34.957663 - Found P86OPIV.txt (text/plain) in SBGOLOB.CBT509.FILE182, moved to PDS/P86OPIV
2025-04-10 16:34:34.957726 - Found P86OPLCS.txt (text/plain) in SBGOLOB.CBT509.FILE182, moved to PDS/P86OPLCS
2025-04-10 16:34:34.957793 - Found P86OPLI.txt (text/plain) in SBGOLOB.CBT509.FILE182, moved to PDS/P86OPLI
2025-04-10 16:34:34.957897 - Found P86OPLM.txt (text/plain) in SBGOLOB.CBT509.FILE182, moved to PDS/P86OPLM
2025-04-10 16:34:34.958019 - Found P86OPLO.txt (text/plain) in SBGOLOB.CBT509.FILE182, moved to PDS/P86OPLO
2025-04-10 16:34:34.958179 - Found P86OPMA.txt (text/plain) in SBGOLOB.CBT509.FILE182, moved to PDS/P86OPMA
2025-04-10 16:34:34.958243 - Found P86OPMC.txt (text/plain) in SBGOLOB.CBT509.FILE182, moved to PDS/P86OPMC
2025-04-10 16:34:34.958301 - Found P86OPME.txt (text/plain) in SBGOLOB.CBT509.FILE182, moved to PDS/P86OPME
2025-04-10 16:34:34.958358 - Found P86OPML.txt (text/plain) in SBGOLOB.CBT509.FILE182, moved to PDS/P86OPML
2025-04-10 16:34:34.958416 - Found P86OPMLU.txt (text/plain) in SBGOLOB.CBT509.FILE182, moved to PDS/P86OPMLU
2025-04-10 16:34:34.958478 - Found P86OPMM.txt (text/plain) in SBGOLOB.CBT509.FILE182, moved to PDS/P86OPMM
2025-04-10 16:34:34.958537 - Found P86OPMOD.txt (text/plain) in SBGOLOB.CBT509.FILE182, moved to PDS/P86OPMOD
2025-04-10 16:34:34.958594 - Found P86OPMT.txt (text/plain) in SBGOLOB.CBT509.FILE182, moved to PDS/P86OPMT
2025-04-10 16:34:34.958651 - Found P86OPOL.txt (text/plain) in SBGOLOB.CBT509.FILE182, moved to PDS/P86OPOL
2025-04-10 16:34:34.958710 - Found P86OPOU.txt (text/plain) in SBGOLOB.CBT509.FILE182, moved to PDS/P86OPOU
2025-04-10 16:34:34.958769 - Found P86OPPA.txt (text/plain) in SBGOLOB.CBT509.FILE182, moved to PDS/P86OPPA
2025-04-10 16:34:34.958929 - Found P86OPPD.txt (text/plain) in SBGOLOB.CBT509.FILE182, moved to PDS/P86OPPD
2025-04-10 16:34:34.958986 - Found P86OPPR.txt (text/plain) in SBGOLOB.CBT509.FILE182, moved to PDS/P86OPPR
2025-04-10 16:34:34.959071 - Found P86OPPUX.txt (text/plain) in SBGOLOB.CBT509.FILE182, moved to PDS/P86OPPUX
2025-04-10 16:34:34.959128 - Found P86OPP2.txt (text/plain) in SBGOLOB.CBT509.FILE182, moved to PDS/P86OPP2
2025-04-10 16:34:34.959189 - Found P86OPRE.txt (text/plain) in SBGOLOB.CBT509.FILE182, moved to PDS/P86OPRE
2025-04-10 16:34:34.959246 - Found P86OPRN.txt (text/plain) in SBGOLOB.CBT509.FILE182, moved to PDS/P86OPRN
2025-04-10 16:34:34.959302 - Found P86OPRP.txt (text/plain) in SBGOLOB.CBT509.FILE182, moved to PDS/P86OPRP
2025-04-10 16:34:34.959361 - Found P86OPRR.txt (text/plain) in SBGOLOB.CBT509.FILE182, moved to PDS/P86OPRR
2025-04-10 16:34:34.959421 - Found P86OPRS.txt (text/plain) in SBGOLOB.CBT509.FILE182, moved to PDS/P86OPRS
2025-04-10 16:34:34.959478 - Found P86OPRV.txt (text/plain) in SBGOLOB.CBT509.FILE182, moved to PDS/P86OPRV
2025-04-10 16:34:34.959537 - Found P86OPSL.txt (text/plain) in SBGOLOB.CBT509.FILE182, moved to PDS/P86OPSL
2025-04-10 16:34:34.959594 - Found P86OPSM.txt (text/plain) in SBGOLOB.CBT509.FILE182, moved to PDS/P86OPSM
2025-04-10 16:34:34.959671 - Found P86OPSOM.txt (text/plain) in SBGOLOB.CBT509.FILE182, moved to PDS/P86OPSOM
2025-04-10 16:34:34.959793 - Found P86OPSOS.txt (text/plain) in SBGOLOB.CBT509.FILE182, moved to PDS/P86OPSOS
2025-04-10 16:34:34.959912 - Found P86OPSOU.txt (text/plain) in SBGOLOB.CBT509.FILE182, moved to PDS/P86OPSOU
2025-04-10 16:34:34.959969 - Found P86OPSR.txt (text/plain) in SBGOLOB.CBT509.FILE182, moved to PDS/P86OPSR
2025-04-10 16:34:34.960026 - Found P86OPSU.txt (text/plain) in SBGOLOB.CBT509.FILE182, moved to PDS/P86OPSU
2025-04-10 16:34:34.960186 - Found P86OPTB.txt (text/plain) in SBGOLOB.CBT509.FILE182, moved to PDS/P86OPTB
2025-04-10 16:34:34.960242 - Found P86OPTE.txt (text/plain) in SBGOLOB.CBT509.FILE182, moved to PDS/P86OPTE
2025-04-10 16:34:34.960298 - Found P86OPTL.txt (text/plain) in SBGOLOB.CBT509.FILE182, moved to PDS/P86OPTL
2025-04-10 16:34:34.960354 - Found P86OPTS.txt (text/plain) in SBGOLOB.CBT509.FILE182, moved to PDS/P86OPTS
2025-04-10 16:34:34.960410 - Found P86OPURL.txt (text/plain) in SBGOLOB.CBT509.FILE182, moved to PDS/P86OPURL
2025-04-10 16:34:34.960587 - Found P86OPUX.txt (text/plain) in SBGOLOB.CBT509.FILE182, moved to PDS/P86OPUX
2025-04-10 16:34:34.960712 - Found P86OPUXC.txt (text/plain) in SBGOLOB.CBT509.FILE182, moved to PDS/P86OPUXC
2025-04-10 16:34:34.960770 - Found P86OPUZA.txt (text/plain) in SBGOLOB.CBT509.FILE182, moved to PDS/P86OPUZA
2025-04-10 16:34:34.960826 - Found P86OPVE.txt (text/plain) in SBGOLOB.CBT509.FILE182, moved to PDS/P86OPVE
2025-04-10 16:34:34.960884 - Found P86OPVP.txt (text/plain) in SBGOLOB.CBT509.FILE182, moved to PDS/P86OPVP
2025-04-10 16:34:34.960939 - Found P86OPWH.txt (text/plain) in SBGOLOB.CBT509.FILE182, moved to PDS/P86OPWH
2025-04-10 16:34:34.960995 - Found P86OPXM.txt (text/plain) in SBGOLOB.CBT509.FILE182, moved to PDS/P86OPXM
2025-04-10 16:34:34.961055 - Found P86OS@P.txt (text/plain) in SBGOLOB.CBT509.FILE182, moved to PDS/P86OS@P
2025-04-10 16:34:34.961113 - Found P86OS@PO.txt (text/plain) in SBGOLOB.CBT509.FILE182, moved to PDS/P86OS@PO
2025-04-10 16:34:34.961169 - Found P86OSCA.txt (text/plain) in SBGOLOB.CBT509.FILE182, moved to PDS/P86OSCA
2025-04-10 16:34:34.961224 - Found P86OSCC.txt (text/plain) in SBGOLOB.CBT509.FILE182, moved to PDS/P86OSCC
2025-04-10 16:34:34.961318 - Found P86OSCP.txt (text/plain) in SBGOLOB.CBT509.FILE182, moved to PDS/P86OSCP
2025-04-10 16:34:34.961374 - Found P86OSDC.txt (text/plain) in SBGOLOB.CBT509.FILE182, moved to PDS/P86OSDC
2025-04-10 16:34:34.961430 - Found P86OSDP.txt (text/plain) in SBGOLOB.CBT509.FILE182, moved to PDS/P86OSDP
2025-04-10 16:34:34.961486 - Found P86OSED.txt (text/plain) in SBGOLOB.CBT509.FILE182, moved to PDS/P86OSED
2025-04-10 16:34:34.961542 - Found P86OSFE.txt (text/plain) in SBGOLOB.CBT509.FILE182, moved to PDS/P86OSFE
2025-04-10 16:34:34.961601 - Found P86OSFI.txt (text/plain) in SBGOLOB.CBT509.FILE182, moved to PDS/P86OSFI
2025-04-10 16:34:34.961663 - Found P86OSFS.txt (text/plain) in SBGOLOB.CBT509.FILE182, moved to PDS/P86OSFS
2025-04-10 16:34:34.961719 - Found P86OSFX.txt (text/plain) in SBGOLOB.CBT509.FILE182, moved to PDS/P86OSFX
2025-04-10 16:34:34.961775 - Found P86OSIV.txt (text/plain) in SBGOLOB.CBT509.FILE182, moved to PDS/P86OSIV
2025-04-10 16:34:34.961833 - Found P86OSLI.txt (text/plain) in SBGOLOB.CBT509.FILE182, moved to PDS/P86OSLI
2025-04-10 16:34:34.961891 - Found P86OSMC.txt (text/plain) in SBGOLOB.CBT509.FILE182, moved to PDS/P86OSMC
2025-04-10 16:34:34.961948 - Found P86OSPR.txt (text/plain) in SBGOLOB.CBT509.FILE182, moved to PDS/P86OSPR
2025-04-10 16:34:34.962007 - Found P86OSRP.txt (text/plain) in SBGOLOB.CBT509.FILE182, moved to PDS/P86OSRP
2025-04-10 16:34:34.962154 - Found P86OSRV.txt (text/plain) in SBGOLOB.CBT509.FILE182, moved to PDS/P86OSRV
2025-04-10 16:34:34.962278 - Found P86OSSU.txt (text/plain) in SBGOLOB.CBT509.FILE182, moved to PDS/P86OSSU
2025-04-10 16:34:34.962385 - Found P86OSS2.txt (text/plain) in SBGOLOB.CBT509.FILE182, moved to PDS/P86OSS2
2025-04-10 16:34:34.962567 - Found P86OSTE.txt (text/plain) in SBGOLOB.CBT509.FILE182, moved to PDS/P86OSTE
2025-04-10 16:34:34.962630 - Found P86OSTL.txt (text/plain) in SBGOLOB.CBT509.FILE182, moved to PDS/P86OSTL
2025-04-10 16:34:34.962687 - Found P86OSVE.txt (text/plain) in SBGOLOB.CBT509.FILE182, moved to PDS/P86OSVE
2025-04-10 16:34:34.962743 - Found P86OSVP.txt (text/plain) in SBGOLOB.CBT509.FILE182, moved to PDS/P86OSVP
2025-04-10 16:34:34.962801 - Found P86OSWH.txt (text/plain) in SBGOLOB.CBT509.FILE182, moved to PDS/P86OSWH
2025-04-10 16:34:34.962860 - Found P86PDSE.txt (text/plain) in SBGOLOB.CBT509.FILE182, moved to PDS/P86PDSE
2025-04-10 16:34:34.962915 - Found P86PFIND.txt (text/plain) in SBGOLOB.CBT509.FILE182, moved to PDS/P86PFIND
2025-04-10 16:34:34.962977 - Found P86PN@P.txt (text/plain) in SBGOLOB.CBT509.FILE182, moved to PDS/P86PN@P
2025-04-10 16:34:34.963033 - Found P86PN@PH.txt (text/plain) in SBGOLOB.CBT509.FILE182, moved to PDS/P86PN@PH
2025-04-10 16:34:34.963090 - Found P86PN@PI.txt (text/plain) in SBGOLOB.CBT509.FILE182, moved to PDS/P86PN@PI
2025-04-10 16:34:34.963146 - Found P86PN@PN.txt (text/plain) in SBGOLOB.CBT509.FILE182, moved to PDS/P86PN@PN
2025-04-10 16:34:34.963202 - Found P86PN@PO.txt (text/plain) in SBGOLOB.CBT509.FILE182, moved to PDS/P86PN@PO
2025-04-10 16:34:34.963261 - Found P86PN@PX.txt (text/plain) in SBGOLOB.CBT509.FILE182, moved to PDS/P86PN@PX
2025-04-10 16:34:34.963416 - Found P86PNA.txt (text/plain) in SBGOLOB.CBT509.FILE182, moved to PDS/P86PNA
2025-04-10 16:34:34.963536 - Found P86PNB.txt (text/plain) in SBGOLOB.CBT509.FILE182, moved to PDS/P86PNB
2025-04-10 16:34:34.963592 - Found P86PNBW.txt (text/plain) in SBGOLOB.CBT509.FILE182, moved to PDS/P86PNBW
2025-04-10 16:34:34.963650 - Found P86PNC.txt (text/plain) in SBGOLOB.CBT509.FILE182, moved to PDS/P86PNC
2025-04-10 16:34:34.963765 - Found P86PND.txt (text/plain) in SBGOLOB.CBT509.FILE182, moved to PDS/P86PND
2025-04-10 16:34:34.963823 - Found P86PND@.txt (text/plain) in SBGOLOB.CBT509.FILE182, moved to PDS/P86PND@
2025-04-10 16:34:34.963882 - Found P86PNDL.txt (text/plain) in SBGOLOB.CBT509.FILE182, moved to PDS/P86PNDL
2025-04-10 16:34:34.963938 - Found P86PNDLP.txt (text/plain) in SBGOLOB.CBT509.FILE182, moved to PDS/P86PNDLP
2025-04-10 16:34:34.964072 - Found P86PNDPS.txt (text/plain) in SBGOLOB.CBT509.FILE182, moved to PDS/P86PNDPS
2025-04-10 16:34:34.964129 - Found P86PNE.txt (text/plain) in SBGOLOB.CBT509.FILE182, moved to PDS/P86PNE
2025-04-10 16:34:34.964186 - Found P86PNF.txt (text/plain) in SBGOLOB.CBT509.FILE182, moved to PDS/P86PNF
2025-04-10 16:34:34.964249 - Found P86PNF@.txt (text/plain) in SBGOLOB.CBT509.FILE182, moved to PDS/P86PNF@
2025-04-10 16:34:34.964306 - Found P86PNFA.txt (text/plain) in SBGOLOB.CBT509.FILE182, moved to PDS/P86PNFA
2025-04-10 16:34:34.964363 - Found P86PNFB.txt (text/plain) in SBGOLOB.CBT509.FILE182, moved to PDS/P86PNFB
2025-04-10 16:34:34.964433 - Found P86PNFF.txt (text/plain) in SBGOLOB.CBT509.FILE182, moved to PDS/P86PNFF
2025-04-10 16:34:34.964489 - Found P86PNFL.txt (text/plain) in SBGOLOB.CBT509.FILE182, moved to PDS/P86PNFL
2025-04-10 16:34:34.964546 - Found P86PNFO.txt (text/plain) in SBGOLOB.CBT509.FILE182, moved to PDS/P86PNFO
2025-04-10 16:34:34.964650 - Found P86PNFP.txt (text/plain) in SBGOLOB.CBT509.FILE182, moved to PDS/P86PNFP
2025-04-10 16:34:34.964711 - Found P86PNG.txt (text/plain) in SBGOLOB.CBT509.FILE182, moved to PDS/P86PNG
2025-04-10 16:34:34.964827 - Found P86PNH.txt (text/plain) in SBGOLOB.CBT509.FILE182, moved to PDS/P86PNH
2025-04-10 16:34:34.965116 - Found P86PNHPS.txt (text/plain) in SBGOLOB.CBT509.FILE182, moved to PDS/P86PNHPS
2025-04-10 16:34:34.965173 - Found P86PNI.txt (text/plain) in SBGOLOB.CBT509.FILE182, moved to PDS/P86PNI
2025-04-10 16:34:34.965232 - Found P86PNI@.txt (text/plain) in SBGOLOB.CBT509.FILE182, moved to PDS/P86PNI@
2025-04-10 16:34:34.965291 - Found P86PNIB.txt (text/plain) in SBGOLOB.CBT509.FILE182, moved to PDS/P86PNIB
2025-04-10 16:34:34.965348 - Found P86PNIF.txt (text/plain) in SBGOLOB.CBT509.FILE182, moved to PDS/P86PNIF
2025-04-10 16:34:34.965407 - Found P86PNIL.txt (text/plain) in SBGOLOB.CBT509.FILE182, moved to PDS/P86PNIL
2025-04-10 16:34:34.965466 - Found P86PNIO.txt (text/plain) in SBGOLOB.CBT509.FILE182, moved to PDS/P86PNIO
2025-04-10 16:34:34.965523 - Found P86PNIP.txt (text/plain) in SBGOLOB.CBT509.FILE182, moved to PDS/P86PNIP
2025-04-10 16:34:34.965585 - Found P86PNIPS.txt (text/plain) in SBGOLOB.CBT509.FILE182, moved to PDS/P86PNIPS
2025-04-10 16:34:34.965642 - Found P86PNIS.txt (text/plain) in SBGOLOB.CBT509.FILE182, moved to PDS/P86PNIS
2025-04-10 16:34:34.965699 - Found P86PNJ.txt (text/plain) in SBGOLOB.CBT509.FILE182, moved to PDS/P86PNJ
2025-04-10 16:34:34.965758 - Found P86PNK.txt (text/plain) in SBGOLOB.CBT509.FILE182, moved to PDS/P86PNK
2025-04-10 16:34:34.965817 - Found P86PNK@.txt (text/plain) in SBGOLOB.CBT509.FILE182, moved to PDS/P86PNK@
2025-04-10 16:34:34.965875 - Found P86PNKB.txt (text/plain) in SBGOLOB.CBT509.FILE182, moved to PDS/P86PNKB
2025-04-10 16:34:34.965937 - Found P86PNKF.txt (text/plain) in SBGOLOB.CBT509.FILE182, moved to PDS/P86PNKF
2025-04-10 16:34:34.965996 - Found P86PNKL.txt (text/plain) in SBGOLOB.CBT509.FILE182, moved to PDS/P86PNKL
2025-04-10 16:34:34.966054 - Found P86PNKO.txt (text/plain) in SBGOLOB.CBT509.FILE182, moved to PDS/P86PNKO
2025-04-10 16:34:34.966170 - Found P86PNKP.txt (text/plain) in SBGOLOB.CBT509.FILE182, moved to PDS/P86PNKP
2025-04-10 16:34:34.966227 - Found P86PNKPS.txt (text/plain) in SBGOLOB.CBT509.FILE182, moved to PDS/P86PNKPS
2025-04-10 16:34:34.966283 - Found P86PNKS.txt (text/plain) in SBGOLOB.CBT509.FILE182, moved to PDS/P86PNKS
2025-04-10 16:34:34.966337 - Found P86PNL.txt (text/plain) in SBGOLOB.CBT509.FILE182, moved to PDS/P86PNL
2025-04-10 16:34:34.966399 - Found P86PNLPS.txt (text/plain) in SBGOLOB.CBT509.FILE182, moved to PDS/P86PNLPS
2025-04-10 16:34:34.966464 - Found P86PNM.txt (text/plain) in SBGOLOB.CBT509.FILE182, moved to PDS/P86PNM
2025-04-10 16:34:34.966529 - Found P86PNMPS.txt (text/plain) in SBGOLOB.CBT509.FILE182, moved to PDS/P86PNMPS
2025-04-10 16:34:34.966597 - Found P86PNN.txt (text/plain) in SBGOLOB.CBT509.FILE182, moved to PDS/P86PNN
2025-04-10 16:34:34.966666 - Found P86PNN@.txt (text/plain) in SBGOLOB.CBT509.FILE182, moved to PDS/P86PNN@
2025-04-10 16:34:34.966727 - Found P86PNNB.txt (text/plain) in SBGOLOB.CBT509.FILE182, moved to PDS/P86PNNB
2025-04-10 16:34:34.966789 - Found P86PNNF.txt (text/plain) in SBGOLOB.CBT509.FILE182, moved to PDS/P86PNNF
2025-04-10 16:34:34.966845 - Found P86PNNL.txt (text/plain) in SBGOLOB.CBT509.FILE182, moved to PDS/P86PNNL
2025-04-10 16:34:34.966942 - Found P86PNNO.txt (text/plain) in SBGOLOB.CBT509.FILE182, moved to PDS/P86PNNO
2025-04-10 16:34:34.967088 - Found P86PNNP.txt (text/plain) in SBGOLOB.CBT509.FILE182, moved to PDS/P86PNNP
2025-04-10 16:34:34.967283 - Found P86PNNT.txt (text/plain) in SBGOLOB.CBT509.FILE182, moved to PDS/P86PNNT
2025-04-10 16:34:34.967341 - Found P86PNO.txt (text/plain) in SBGOLOB.CBT509.FILE182, moved to PDS/P86PNO
2025-04-10 16:34:34.967484 - Found P86PNO@.txt (text/plain) in SBGOLOB.CBT509.FILE182, moved to PDS/P86PNO@
2025-04-10 16:34:34.967543 - Found P86PNOB.txt (text/plain) in SBGOLOB.CBT509.FILE182, moved to PDS/P86PNOB
2025-04-10 16:34:34.967602 - Found P86PNOF.txt (text/plain) in SBGOLOB.CBT509.FILE182, moved to PDS/P86PNOF
2025-04-10 16:34:34.967659 - Found P86PNOL.txt (text/plain) in SBGOLOB.CBT509.FILE182, moved to PDS/P86PNOL
2025-04-10 16:34:34.967716 - Found P86PNOO.txt (text/plain) in SBGOLOB.CBT509.FILE182, moved to PDS/P86PNOO
2025-04-10 16:34:34.967774 - Found P86PNOP.txt (text/plain) in SBGOLOB.CBT509.FILE182, moved to PDS/P86PNOP
2025-04-10 16:34:34.967833 - Found P86PNOPS.txt (text/plain) in SBGOLOB.CBT509.FILE182, moved to PDS/P86PNOPS
2025-04-10 16:34:34.967890 - Found P86PNOS.txt (text/plain) in SBGOLOB.CBT509.FILE182, moved to PDS/P86PNOS
2025-04-10 16:34:34.967949 - Found P86PNR.txt (text/plain) in SBGOLOB.CBT509.FILE182, moved to PDS/P86PNR
2025-04-10 16:34:34.968006 - Found P86PNRPS.txt (text/plain) in SBGOLOB.CBT509.FILE182, moved to PDS/P86PNRPS
2025-04-10 16:34:34.968063 - Found P86PNS.txt (text/plain) in SBGOLOB.CBT509.FILE182, moved to PDS/P86PNS
2025-04-10 16:34:34.968124 - Found P86PNSPS.txt (text/plain) in SBGOLOB.CBT509.FILE182, moved to PDS/P86PNSPS
2025-04-10 16:34:34.968182 - Found P86PN1.txt (text/plain) in SBGOLOB.CBT509.FILE182, moved to PDS/P86PN1
2025-04-10 16:34:34.968238 - Found P86PN1@.txt (text/plain) in SBGOLOB.CBT509.FILE182, moved to PDS/P86PN1@
2025-04-10 16:34:34.968294 - Found P86PN1A.txt (text/plain) in SBGOLOB.CBT509.FILE182, moved to PDS/P86PN1A
2025-04-10 16:34:34.968357 - Found P86PN1AC.txt (text/plain) in SBGOLOB.CBT509.FILE182, moved to PDS/P86PN1AC
2025-04-10 16:34:34.968417 - Found P86PN1B.txt (text/plain) in SBGOLOB.CBT509.FILE182, moved to PDS/P86PN1B
2025-04-10 16:34:34.968604 - Found P86PN1M@.txt (text/plain) in SBGOLOB.CBT509.FILE182, moved to PDS/P86PN1M@
2025-04-10 16:34:34.968662 - Found P86PN1MC.txt (text/plain) in SBGOLOB.CBT509.FILE182, moved to PDS/P86PN1MC
2025-04-10 16:34:34.968717 - Found P86PN1ML.txt (text/plain) in SBGOLOB.CBT509.FILE182, moved to PDS/P86PN1ML
2025-04-10 16:34:34.968846 - Found P86PN1MN.txt (text/plain) in SBGOLOB.CBT509.FILE182, moved to PDS/P86PN1MN
2025-04-10 16:34:34.968977 - Found P86PN1MO.txt (text/plain) in SBGOLOB.CBT509.FILE182, moved to PDS/P86PN1MO
2025-04-10 16:34:34.969098 - Found P86PN1MP.txt (text/plain) in SBGOLOB.CBT509.FILE182, moved to PDS/P86PN1MP
2025-04-10 16:34:34.969159 - Found P86PN1MR.txt (text/plain) in SBGOLOB.CBT509.FILE182, moved to PDS/P86PN1MR
2025-04-10 16:34:34.969228 - Found P86PN1W.txt (text/plain) in SBGOLOB.CBT509.FILE182, moved to PDS/P86PN1W
2025-04-10 16:34:34.969286 - Found P86PN2.txt (text/plain) in SBGOLOB.CBT509.FILE182, moved to PDS/P86PN2
2025-04-10 16:34:34.969343 - Found P86PN3.txt (text/plain) in SBGOLOB.CBT509.FILE182, moved to PDS/P86PN3
2025-04-10 16:34:34.969400 - Found P86PN3@.txt (text/plain) in SBGOLOB.CBT509.FILE182, moved to PDS/P86PN3@
2025-04-10 16:34:34.969459 - Found P86PN3A.txt (text/plain) in SBGOLOB.CBT509.FILE182, moved to PDS/P86PN3A
2025-04-10 16:34:34.969515 - Found P86PN4.txt (text/plain) in SBGOLOB.CBT509.FILE182, moved to PDS/P86PN4
2025-04-10 16:34:34.969570 - Found P86PN4@.txt (text/plain) in SBGOLOB.CBT509.FILE182, moved to PDS/P86PN4@
2025-04-10 16:34:34.969627 - Found P86PN4A.txt (text/plain) in SBGOLOB.CBT509.FILE182, moved to PDS/P86PN4A
2025-04-10 16:34:34.969684 - Found P86PN5.txt (text/plain) in SBGOLOB.CBT509.FILE182, moved to PDS/P86PN5
2025-04-10 16:34:34.969758 - Found P86PN5@.txt (text/plain) in SBGOLOB.CBT509.FILE182, moved to PDS/P86PN5@
2025-04-10 16:34:34.969814 - Found P86PN5A.txt (text/plain) in SBGOLOB.CBT509.FILE182, moved to PDS/P86PN5A
2025-04-10 16:34:34.969871 - Found P86PN5AC.txt (text/plain) in SBGOLOB.CBT509.FILE182, moved to PDS/P86PN5AC
2025-04-10 16:34:34.969928 - Found P86PN5B.txt (text/plain) in SBGOLOB.CBT509.FILE182, moved to PDS/P86PN5B
2025-04-10 16:34:34.969988 - Found P86PN5B1.txt (text/plain) in SBGOLOB.CBT509.FILE182, moved to PDS/P86PN5B1
2025-04-10 16:34:34.970049 - Found P86PN5C.txt (text/plain) in SBGOLOB.CBT509.FILE182, moved to PDS/P86PN5C
2025-04-10 16:34:34.970121 - Found P86PN5CC.txt (text/plain) in SBGOLOB.CBT509.FILE182, moved to PDS/P86PN5CC
2025-04-10 16:34:34.970187 - Found P86PN5C1.txt (text/plain) in SBGOLOB.CBT509.FILE182, moved to PDS/P86PN5C1
2025-04-10 16:34:34.970255 - Found P86PN5C2.txt (text/plain) in SBGOLOB.CBT509.FILE182, moved to PDS/P86PN5C2
2025-04-10 16:34:34.970371 - Found P86PN5D.txt (text/plain) in SBGOLOB.CBT509.FILE182, moved to PDS/P86PN5D
2025-04-10 16:34:34.970588 - Found P86PN5D2.txt (text/plain) in SBGOLOB.CBT509.FILE182, moved to PDS/P86PN5D2
2025-04-10 16:34:34.970689 - Found P86PN5E.txt (text/plain) in SBGOLOB.CBT509.FILE182, moved to PDS/P86PN5E
2025-04-10 16:34:34.970767 - Found P86PN5F.txt (text/plain) in SBGOLOB.CBT509.FILE182, moved to PDS/P86PN5F
2025-04-10 16:34:34.970841 - Found P86PN5G.txt (text/plain) in SBGOLOB.CBT509.FILE182, moved to PDS/P86PN5G
2025-04-10 16:34:34.970915 - Found P86PN5H.txt (text/plain) in SBGOLOB.CBT509.FILE182, moved to PDS/P86PN5H
2025-04-10 16:34:34.970995 - Found P86PN5I.txt (text/plain) in SBGOLOB.CBT509.FILE182, moved to PDS/P86PN5I
2025-04-10 16:34:34.971093 - Found P86PN5L.txt (text/plain) in SBGOLOB.CBT509.FILE182, moved to PDS/P86PN5L
2025-04-10 16:34:34.971171 - Found P86PN5LP.txt (text/plain) in SBGOLOB.CBT509.FILE182, moved to PDS/P86PN5LP
2025-04-10 16:34:34.971251 - Found P86PN5PS.txt (text/plain) in SBGOLOB.CBT509.FILE182, moved to PDS/P86PN5PS
2025-04-10 16:34:34.971329 - Found P86PN6.txt (text/plain) in SBGOLOB.CBT509.FILE182, moved to PDS/P86PN6
2025-04-10 16:34:34.971406 - Found P86PN6@.txt (text/plain) in SBGOLOB.CBT509.FILE182, moved to PDS/P86PN6@
2025-04-10 16:34:34.971483 - Found P86PN6B.txt (text/plain) in SBGOLOB.CBT509.FILE182, moved to PDS/P86PN6B
2025-04-10 16:34:34.971564 - Found P86PN6F.txt (text/plain) in SBGOLOB.CBT509.FILE182, moved to PDS/P86PN6F
2025-04-10 16:34:34.971638 - Found P86PN6L.txt (text/plain) in SBGOLOB.CBT509.FILE182, moved to PDS/P86PN6L
2025-04-10 16:34:34.971717 - Found P86PN6LP.txt (text/plain) in SBGOLOB.CBT509.FILE182, moved to PDS/P86PN6LP
2025-04-10 16:34:34.971799 - Found P86PN6PS.txt (text/plain) in SBGOLOB.CBT509.FILE182, moved to PDS/P86PN6PS
2025-04-10 16:34:34.971878 - Found P86PN6S.txt (text/plain) in SBGOLOB.CBT509.FILE182, moved to PDS/P86PN6S
2025-04-10 16:34:34.971955 - Found P86PN7.txt (text/plain) in SBGOLOB.CBT509.FILE182, moved to PDS/P86PN7
2025-04-10 16:34:34.972031 - Found P86PN7@.txt (text/plain) in SBGOLOB.CBT509.FILE182, moved to PDS/P86PN7@
2025-04-10 16:34:34.972105 - Found P86PN7L.txt (text/plain) in SBGOLOB.CBT509.FILE182, moved to PDS/P86PN7L
2025-04-10 16:34:34.972180 - Found P86PN7LP.txt (text/plain) in SBGOLOB.CBT509.FILE182, moved to PDS/P86PN7LP
2025-04-10 16:34:34.972355 - Found P86PN7PS.txt (text/plain) in SBGOLOB.CBT509.FILE182, moved to PDS/P86PN7PS
2025-04-10 16:34:34.972430 - Found P86PN8.txt (text/plain) in SBGOLOB.CBT509.FILE182, moved to PDS/P86PN8
2025-04-10 16:34:34.972490 - Found P86PN8@.txt (text/plain) in SBGOLOB.CBT509.FILE182, moved to PDS/P86PN8@
2025-04-10 16:34:34.972552 - Found P86PN8B.txt (text/plain) in SBGOLOB.CBT509.FILE182, moved to PDS/P86PN8B
2025-04-10 16:34:34.972608 - Found P86PN8D.txt (text/plain) in SBGOLOB.CBT509.FILE182, moved to PDS/P86PN8D
2025-04-10 16:34:34.972670 - Found P86PN8D2.txt (text/plain) in SBGOLOB.CBT509.FILE182, moved to PDS/P86PN8D2
2025-04-10 16:34:34.972769 - Found P86PN8F.txt (text/plain) in SBGOLOB.CBT509.FILE182, moved to PDS/P86PN8F
2025-04-10 16:34:34.972830 - Found P86PN8PS.txt (text/plain) in SBGOLOB.CBT509.FILE182, moved to PDS/P86PN8PS
2025-04-10 16:34:34.972963 - Found P86PN8S.txt (text/plain) in SBGOLOB.CBT509.FILE182, moved to PDS/P86PN8S
2025-04-10 16:34:34.973214 - Found P86PN9.txt (text/plain) in SBGOLOB.CBT509.FILE182, moved to PDS/P86PN9
2025-04-10 16:34:34.973271 - Found P86PN9@.txt (text/plain) in SBGOLOB.CBT509.FILE182, moved to PDS/P86PN9@
2025-04-10 16:34:34.973327 - Found P86PN9A.txt (text/plain) in SBGOLOB.CBT509.FILE182, moved to PDS/P86PN9A
2025-04-10 16:34:34.973385 - Found P86QREF.txt (text/plain) in SBGOLOB.CBT509.FILE182, moved to PDS/P86QREF
2025-04-10 16:34:34.973442 - Found P86RECOV.txt (text/plain) in SBGOLOB.CBT509.FILE182, moved to PDS/P86RECOV
2025-04-10 16:34:34.973504 - Found P86RECO2.txt (text/plain) in SBGOLOB.CBT509.FILE182, moved to PDS/P86RECO2
2025-04-10 16:34:34.973564 - Found P86RLSE.txt (text/plain) in SBGOLOB.CBT509.FILE182, moved to PDS/P86RLSE
2025-04-10 16:34:34.973625 - Found P86SET@.txt (text/plain) in SBGOLOB.CBT509.FILE182, moved to PDS/P86SET@
2025-04-10 16:34:34.973791 - Found P86SET@P.txt (text/plain) in SBGOLOB.CBT509.FILE182, moved to PDS/P86SET@P
2025-04-10 16:34:34.973854 - Found P86SETE.txt (text/plain) in SBGOLOB.CBT509.FILE182, moved to PDS/P86SETE
2025-04-10 16:34:34.973916 - Found P86SETE@.txt (text/plain) in SBGOLOB.CBT509.FILE182, moved to PDS/P86SETE@
2025-04-10 16:34:34.973978 - Found P86SETE1.txt (text/plain) in SBGOLOB.CBT509.FILE182, moved to PDS/P86SETE1
2025-04-10 16:34:34.974038 - Found P86SETE2.txt (text/plain) in SBGOLOB.CBT509.FILE182, moved to PDS/P86SETE2
2025-04-10 16:34:34.974187 - Found P86SETE3.txt (text/plain) in SBGOLOB.CBT509.FILE182, moved to PDS/P86SETE3
2025-04-10 16:34:34.974382 - Found P86SETE4.txt (text/plain) in SBGOLOB.CBT509.FILE182, moved to PDS/P86SETE4
2025-04-10 16:34:34.974482 - Found P86SETF.txt (text/plain) in SBGOLOB.CBT509.FILE182, moved to PDS/P86SETF
2025-04-10 16:34:34.974539 - Found P86SETF@.txt (text/plain) in SBGOLOB.CBT509.FILE182, moved to PDS/P86SETF@
2025-04-10 16:34:34.974596 - Found P86SETF1.txt (text/plain) in SBGOLOB.CBT509.FILE182, moved to PDS/P86SETF1
2025-04-10 16:34:34.974655 - Found P86SETF2.txt (text/plain) in SBGOLOB.CBT509.FILE182, moved to PDS/P86SETF2
2025-04-10 16:34:34.974714 - Found P86SETF3.txt (text/plain) in SBGOLOB.CBT509.FILE182, moved to PDS/P86SETF3
2025-04-10 16:34:34.974771 - Found P86SETL.txt (text/plain) in SBGOLOB.CBT509.FILE182, moved to PDS/P86SETL
2025-04-10 16:34:34.974827 - Found P86SETL@.txt (text/plain) in SBGOLOB.CBT509.FILE182, moved to PDS/P86SETL@
2025-04-10 16:34:34.974883 - Found P86SETL1.txt (text/plain) in SBGOLOB.CBT509.FILE182, moved to PDS/P86SETL1
2025-04-10 16:34:34.974939 - Found P86SETL2.txt (text/plain) in SBGOLOB.CBT509.FILE182, moved to PDS/P86SETL2
2025-04-10 16:34:34.975107 - Found P86SETL3.txt (text/plain) in SBGOLOB.CBT509.FILE182, moved to PDS/P86SETL3
2025-04-10 16:34:34.975163 - Found P86SETL4.txt (text/plain) in SBGOLOB.CBT509.FILE182, moved to PDS/P86SETL4
2025-04-10 16:34:34.975222 - Found P86SETM.txt (text/plain) in SBGOLOB.CBT509.FILE182, moved to PDS/P86SETM
2025-04-10 16:34:34.975278 - Found P86SETM@.txt (text/plain) in SBGOLOB.CBT509.FILE182, moved to PDS/P86SETM@
2025-04-10 16:34:34.975334 - Found P86SETM1.txt (text/plain) in SBGOLOB.CBT509.FILE182, moved to PDS/P86SETM1
2025-04-10 16:34:34.975392 - Found P86SETM2.txt (text/plain) in SBGOLOB.CBT509.FILE182, moved to PDS/P86SETM2
2025-04-10 16:34:34.975519 - Found P86SETM3.txt (text/plain) in SBGOLOB.CBT509.FILE182, moved to PDS/P86SETM3
2025-04-10 16:34:34.975634 - Found P86SETM4.txt (text/plain) in SBGOLOB.CBT509.FILE182, moved to PDS/P86SETM4
2025-04-10 16:34:34.976091 - Found P86SETM5.txt (text/plain) in SBGOLOB.CBT509.FILE182, moved to PDS/P86SETM5
2025-04-10 16:34:34.976169 - Found P86SETM6.txt (text/plain) in SBGOLOB.CBT509.FILE182, moved to PDS/P86SETM6
2025-04-10 16:34:34.976236 - Found P86SETM7.txt (text/plain) in SBGOLOB.CBT509.FILE182, moved to PDS/P86SETM7
2025-04-10 16:34:34.976311 - Found P86SETM8.txt (text/plain) in SBGOLOB.CBT509.FILE182, moved to PDS/P86SETM8
2025-04-10 16:34:34.976382 - Found P86SETS.txt (text/plain) in SBGOLOB.CBT509.FILE182, moved to PDS/P86SETS
2025-04-10 16:34:34.976439 - Found P86SETS@.txt (text/plain) in SBGOLOB.CBT509.FILE182, moved to PDS/P86SETS@
2025-04-10 16:34:34.976496 - Found P86SETS1.txt (text/plain) in SBGOLOB.CBT509.FILE182, moved to PDS/P86SETS1
2025-04-10 16:34:34.976552 - Found P86SETS2.txt (text/plain) in SBGOLOB.CBT509.FILE182, moved to PDS/P86SETS2
2025-04-10 16:34:34.976699 - Found P86SETS3.txt (text/plain) in SBGOLOB.CBT509.FILE182, moved to PDS/P86SETS3
2025-04-10 16:34:34.976755 - Found P86SETS4.txt (text/plain) in SBGOLOB.CBT509.FILE182, moved to PDS/P86SETS4
2025-04-10 16:34:34.976811 - Found P86SETS5.txt (text/plain) in SBGOLOB.CBT509.FILE182, moved to PDS/P86SETS5
2025-04-10 16:34:34.976870 - Found P86SETS6.txt (text/plain) in SBGOLOB.CBT509.FILE182, moved to PDS/P86SETS6
2025-04-10 16:34:34.976928 - Found P86SETS7.txt (text/plain) in SBGOLOB.CBT509.FILE182, moved to PDS/P86SETS7
2025-04-10 16:34:34.976984 - Found P86SETS8.txt (text/plain) in SBGOLOB.CBT509.FILE182, moved to PDS/P86SETS8
2025-04-10 16:34:34.977040 - Found P86SETT.txt (text/plain) in SBGOLOB.CBT509.FILE182, moved to PDS/P86SETT
2025-04-10 16:34:34.977097 - Found P86SETT@.txt (text/plain) in SBGOLOB.CBT509.FILE182, moved to PDS/P86SETT@
2025-04-10 16:34:34.977154 - Found P86SETT0.txt (text/plain) in SBGOLOB.CBT509.FILE182, moved to PDS/P86SETT0
2025-04-10 16:34:34.977212 - Found P86SETT1.txt (text/plain) in SBGOLOB.CBT509.FILE182, moved to PDS/P86SETT1
2025-04-10 16:34:34.977271 - Found P86SETT2.txt (text/plain) in SBGOLOB.CBT509.FILE182, moved to PDS/P86SETT2
2025-04-10 16:34:34.977329 - Found P86SETT3.txt (text/plain) in SBGOLOB.CBT509.FILE182, moved to PDS/P86SETT3
2025-04-10 16:34:34.977404 - Found P86SETV.txt (text/plain) in SBGOLOB.CBT509.FILE182, moved to PDS/P86SETV
2025-04-10 16:34:34.977528 - Found P86SETV@.txt (text/plain) in SBGOLOB.CBT509.FILE182, moved to PDS/P86SETV@
2025-04-10 16:34:34.977775 - Found P86SETV1.txt (text/plain) in SBGOLOB.CBT509.FILE182, moved to PDS/P86SETV1
2025-04-10 16:34:34.977834 - Found P86SETV2.txt (text/plain) in SBGOLOB.CBT509.FILE182, moved to PDS/P86SETV2
2025-04-10 16:34:34.977927 - Found P86SETV3.txt (text/plain) in SBGOLOB.CBT509.FILE182, moved to PDS/P86SETV3
2025-04-10 16:34:34.977985 - Found P86STAR.txt (text/plain) in SBGOLOB.CBT509.FILE182, moved to PDS/P86STAR
2025-04-10 16:34:34.978043 - Found P86TINI.txt (text/plain) in SBGOLOB.CBT509.FILE182, moved to PDS/P86TINI
2025-04-10 16:34:34.978100 - Found P86TRANS.txt (text/plain) in SBGOLOB.CBT509.FILE182, moved to PDS/P86TRANS
2025-04-10 16:34:34.978158 - Found P86TT@LH.txt (text/plain) in SBGOLOB.CBT509.FILE182, moved to PDS/P86TT@LH
2025-04-10 16:34:34.978213 - Found P86TT@P.txt (text/plain) in SBGOLOB.CBT509.FILE182, moved to PDS/P86TT@P
2025-04-10 16:34:34.978273 - Found P86TTFTT.txt (text/plain) in SBGOLOB.CBT509.FILE182, moved to PDS/P86TTFTT
2025-04-10 16:34:34.978342 - Found P86TTTB.txt (text/plain) in SBGOLOB.CBT509.FILE182, moved to PDS/P86TTTB
2025-04-10 16:34:34.978503 - Found P86UNDOC.txt (text/plain) in SBGOLOB.CBT509.FILE182, moved to PDS/P86UNDOC
2025-04-10 16:34:34.978562 - Found P86USERC.txt (text/plain) in SBGOLOB.CBT509.FILE182, moved to PDS/P86USERC
2025-04-10 16:34:34.978620 - Found P86VCONT.txt (text/plain) in SBGOLOB.CBT509.FILE182, moved to PDS/P86VCONT
2025-04-10 16:34:34.978676 - Found P86VERR.txt (text/plain) in SBGOLOB.CBT509.FILE182, moved to PDS/P86VERR
2025-04-10 16:34:34.978735 - Found P86VEXT.txt (text/plain) in SBGOLOB.CBT509.FILE182, moved to PDS/P86VEXT
2025-04-10 16:34:34.978831 - Found P86VEXTH.txt (text/plain) in SBGOLOB.CBT509.FILE182, moved to PDS/P86VEXTH
2025-04-10 16:34:34.978951 - Found P86VIVI.txt (text/plain) in SBGOLOB.CBT509.FILE182, moved to PDS/P86VIVI
2025-04-10 16:34:34.979256 - Found P86VREC.txt (text/plain) in SBGOLOB.CBT509.FILE182, moved to PDS/P86VREC
2025-04-10 16:34:34.979368 - Found P86VRL2.txt (text/plain) in SBGOLOB.CBT509.FILE182, moved to PDS/P86VRL2
2025-04-10 16:34:34.979424 - Found P86VTSO.txt (text/plain) in SBGOLOB.CBT509.FILE182, moved to PDS/P86VTSO
2025-04-10 16:34:34.979482 - Found P86VUTU.txt (text/plain) in SBGOLOB.CBT509.FILE182, moved to PDS/P86VUTU
2025-04-10 16:34:34.979539 - Found P86VUT1.txt (text/plain) in SBGOLOB.CBT509.FILE182, moved to PDS/P86VUT1
2025-04-10 16:34:34.979594 - Found P86VUT2.txt (text/plain) in SBGOLOB.CBT509.FILE182, moved to PDS/P86VUT2
2025-04-10 16:34:34.979653 - Found P86XMILF.txt (text/plain) in SBGOLOB.CBT509.FILE182, moved to PDS/P86XMILF
2025-04-10 16:34:34.979708 - Found P86XMIUT.txt (text/plain) in SBGOLOB.CBT509.FILE182, moved to PDS/P86XMIUT
2025-04-10 16:34:34.979767 - Found P86XP1.txt (text/plain) in SBGOLOB.CBT509.FILE182, moved to PDS/P86XP1
2025-04-10 16:34:34.979823 - Found P86XP2.txt (text/plain) in SBGOLOB.CBT509.FILE182, moved to PDS/P86XP2
2025-04-10 16:34:34.979880 - Found P862214.txt (text/plain) in SBGOLOB.CBT509.FILE182, moved to PDS/P862214
2025-04-10 16:34:34.979936 - Found P862837.txt (text/plain) in SBGOLOB.CBT509.FILE182, moved to PDS/P862837
2025-04-10 16:34:34.979998 - Found QWIKFIX.rexx (text/plain) in SBGOLOB.CBT509.FILE182, moved to PDS/QWIKFIX
2025-04-10 16:34:34.980150 - Found RADMCUST.jcl (text/plain) in SBGOLOB.CBT509.FILE182, moved to PDS/RADMCUST
2025-04-10 16:34:34.981458 - Found RADMHELP.bin (application/octet-stream) in SBGOLOB.CBT509.FILE182, moved to PDS/RADMHELP
2025-04-10 16:34:34.982163 - Found RCNVTCAT.rexx (text/plain) in SBGOLOB.CBT509.FILE182, moved to PDS/RCNVTCAT
2025-04-10 16:34:34.982231 - Found RCQDATE.txt (text/plain) in SBGOLOB.CBT509.FILE182, moved to PDS/RCQDATE
2025-04-10 16:34:34.982391 - Found RCQDATE$.txt (text/plain) in SBGOLOB.CBT509.FILE182, moved to PDS/RCQDATE$
2025-04-10 16:34:34.982448 - Found RCQDATEC.txt (text/plain) in SBGOLOB.CBT509.FILE182, moved to PDS/RCQDATEC
2025-04-10 16:34:34.982504 - Found RCQMO00.txt (text/plain) in SBGOLOB.CBT509.FILE182, moved to PDS/RCQMO00
2025-04-10 16:34:34.982614 - Found RCQXMIT.xmi (application/xmit) in SBGOLOB.CBT509.FILE182, moved to PDS/RCQXMIT.xmi
2025-04-10 16:34:35.020948 - Received CBT.XMIT182.RCQDATE from RCQXMIT.xmi 
2025-04-10 16:34:35.021367 - Found RCQDATE.txt (text/plain) in CBT.XMIT182.RCQDATE, moved to RCQXMIT/RCQDATE
2025-04-10 16:34:35.021462 - Found RCQDATE$.txt (text/plain) in CBT.XMIT182.RCQDATE, moved to RCQXMIT/RCQDATE$
2025-04-10 16:34:35.021666 - Found RCQDATEC.txt (text/plain) in CBT.XMIT182.RCQDATE, moved to RCQXMIT/RCQDATEC
2025-04-10 16:34:35.021752 - Found RCQMO00.txt (text/plain) in CBT.XMIT182.RCQDATE, moved to RCQXMIT/RCQMO00
2025-04-10 16:34:35.022171 - Found REEQUAL.txt (text/plain) in SBGOLOB.CBT509.FILE182, moved to PDS/REEQUAL
2025-04-10 16:34:35.022620 - Found REVIVE.rexx (text/plain) in SBGOLOB.CBT509.FILE182, moved to PDS/REVIVE
2025-04-10 16:34:35.022721 - Found RNS.rexx (text/plain) in SBGOLOB.CBT509.FILE182, moved to PDS/RNS
2025-04-10 16:34:35.024092 - Found RRGEN.xmi (application/xmit) in SBGOLOB.CBT509.FILE182, moved to PDS/RRGEN.xmi
2025-04-10 16:34:35.305274 - Received AD.RRGEN.SOURCE from RRGEN.xmi 
2025-04-10 16:34:35.307334 - Found $$GENASM.jcl (text/plain) in AD.RRGEN.SOURCE, moved to RRGEN/$$GENASM
2025-04-10 16:34:35.308090 - Found $$GENDOC.txt (text/plain) in AD.RRGEN.SOURCE, moved to RRGEN/$$GENDOC
2025-04-10 16:34:35.308334 - Found RRBINARY.txt (text/plain) in AD.RRGEN.SOURCE, moved to RRGEN/RRBINARY
2025-04-10 16:34:35.308554 - Found RRDCART.txt (text/plain) in AD.RRGEN.SOURCE, moved to RRGEN/RRDCART
2025-04-10 16:34:35.308705 - Found RRDINP1.txt (text/plain) in AD.RRGEN.SOURCE, moved to RRGEN/RRDINP1
2025-04-10 16:34:35.308851 - Found RRDINP2.txt (text/plain) in AD.RRGEN.SOURCE, moved to RRGEN/RRDINP2
2025-04-10 16:34:35.308958 - Found RRDINP3.txt (text/plain) in AD.RRGEN.SOURCE, moved to RRGEN/RRDINP3
2025-04-10 16:34:35.309211 - Found RREOJMOT.txt (text/plain) in AD.RRGEN.SOURCE, moved to RRGEN/RREOJMOT
2025-04-10 16:34:35.309877 - Found RRGEN.txt (text/plain) in AD.RRGEN.SOURCE, moved to RRGEN/RRGEN
2025-04-10 16:34:35.310083 - Found RRGENSRT.txt (text/plain) in AD.RRGEN.SOURCE, moved to RRGEN/RRGENSRT
2025-04-10 16:34:35.310656 - Found RRGEN31.txt (text/plain) in AD.RRGEN.SOURCE, moved to RRGEN/RRGEN31
2025-04-10 16:34:35.310751 - Found RRINP1DI.txt (text/plain) in AD.RRGEN.SOURCE, moved to RRGEN/RRINP1DI
2025-04-10 16:34:35.310843 - Found RRINP1DK.txt (text/plain) in AD.RRGEN.SOURCE, moved to RRGEN/RRINP1DK
2025-04-10 16:34:35.310931 - Found RRINP1IS.txt (text/plain) in AD.RRGEN.SOURCE, moved to RRGEN/RRINP1IS
2025-04-10 16:34:35.311021 - Found RRINP2DI.txt (text/plain) in AD.RRGEN.SOURCE, moved to RRGEN/RRINP2DI
2025-04-10 16:34:35.311111 - Found RRINP2DK.txt (text/plain) in AD.RRGEN.SOURCE, moved to RRGEN/RRINP2DK
2025-04-10 16:34:35.311206 - Found RRINP2IS.txt (text/plain) in AD.RRGEN.SOURCE, moved to RRGEN/RRINP2IS
2025-04-10 16:34:35.311295 - Found RRINP3DI.txt (text/plain) in AD.RRGEN.SOURCE, moved to RRGEN/RRINP3DI
2025-04-10 16:34:35.311384 - Found RRINP3DK.txt (text/plain) in AD.RRGEN.SOURCE, moved to RRGEN/RRINP3DK
2025-04-10 16:34:35.311477 - Found RRINP3IS.txt (text/plain) in AD.RRGEN.SOURCE, moved to RRGEN/RRINP3IS
2025-04-10 16:34:35.311558 - Found RRIN1ISR.txt (text/plain) in AD.RRGEN.SOURCE, moved to RRGEN/RRIN1ISR
2025-04-10 16:34:35.311649 - Found RRIN2ISR.txt (text/plain) in AD.RRGEN.SOURCE, moved to RRGEN/RRIN2ISR
2025-04-10 16:34:35.311737 - Found RRIN3ISR.txt (text/plain) in AD.RRGEN.SOURCE, moved to RRGEN/RRIN3ISR
2025-04-10 16:34:35.311831 - Found RROT1ISM.txt (text/plain) in AD.RRGEN.SOURCE, moved to RRGEN/RROT1ISM
2025-04-10 16:34:35.311934 - Found RROT2ISM.txt (text/plain) in AD.RRGEN.SOURCE, moved to RRGEN/RROT2ISM
2025-04-10 16:34:35.312073 - Found RROT3ISM.txt (text/plain) in AD.RRGEN.SOURCE, moved to RRGEN/RROT3ISM
2025-04-10 16:34:35.312154 - Found RROUT1DA.txt (text/plain) in AD.RRGEN.SOURCE, moved to RRGEN/RROUT1DA
2025-04-10 16:34:35.312244 - Found RROUT1MD.txt (text/plain) in AD.RRGEN.SOURCE, moved to RRGEN/RROUT1MD
2025-04-10 16:34:35.312335 - Found RROUT2DA.txt (text/plain) in AD.RRGEN.SOURCE, moved to RRGEN/RROUT2DA
2025-04-10 16:34:35.312469 - Found RROUT2MD.txt (text/plain) in AD.RRGEN.SOURCE, moved to RRGEN/RROUT2MD
2025-04-10 16:34:35.312600 - Found RROUT3DA.txt (text/plain) in AD.RRGEN.SOURCE, moved to RRGEN/RROUT3DA
2025-04-10 16:34:35.312786 - Found RROUT3MD.txt (text/plain) in AD.RRGEN.SOURCE, moved to RRGEN/RROUT3MD
2025-04-10 16:34:35.312848 - Found RRPRTMOT.txt (text/plain) in AD.RRGEN.SOURCE, moved to RRGEN/RRPRTMOT
2025-04-10 16:34:35.314078 - Found SAMPM1.txt (text/plain) in SBGOLOB.CBT509.FILE182, moved to PDS/SAMPM1
2025-04-10 16:34:35.314149 - Found SAMPPREP.txt (text/plain) in SBGOLOB.CBT509.FILE182, moved to PDS/SAMPPREP
2025-04-10 16:34:35.314215 - Found SAMPPRE1.txt (text/plain) in SBGOLOB.CBT509.FILE182, moved to PDS/SAMPPRE1
2025-04-10 16:34:35.314279 - Found SAMPPRE2.txt (text/plain) in SBGOLOB.CBT509.FILE182, moved to PDS/SAMPPRE2
2025-04-10 16:34:35.314342 - Found SCPASMCL.txt (text/plain) in SBGOLOB.CBT509.FILE182, moved to PDS/SCPASMCL
2025-04-10 16:34:35.314404 - Found SCPASML.txt (text/plain) in SBGOLOB.CBT509.FILE182, moved to PDS/SCPASML
2025-04-10 16:34:35.314463 - Found SCPBATAS.txt (text/plain) in SBGOLOB.CBT509.FILE182, moved to PDS/SCPBATAS
2025-04-10 16:34:35.314522 - Found SCPBATA1.jcl (text/plain) in SBGOLOB.CBT509.FILE182, moved to PDS/SCPBATA1
2025-04-10 16:34:35.314697 - Found SCPDSN.txt (text/plain) in SBGOLOB.CBT509.FILE182, moved to PDS/SCPDSN
2025-04-10 16:34:35.314756 - Found SCPENT1.txt (text/plain) in SBGOLOB.CBT509.FILE182, moved to PDS/SCPENT1
2025-04-10 16:34:35.314828 - Found SCPM01.txt (text/plain) in SBGOLOB.CBT509.FILE182, moved to PDS/SCPM01
2025-04-10 16:34:35.314894 - Found SCPPREP.txt (text/plain) in SBGOLOB.CBT509.FILE182, moved to PDS/SCPPREP
2025-04-10 16:34:35.315030 - Found SHAXMIT.xmi (application/xmit) in SBGOLOB.CBT509.FILE182, moved to PDS/SHAXMIT.xmi
2025-04-10 16:34:35.324490 - Received CBT.XMIT182.SHACMDS from SHAXMIT.xmi 
2025-04-10 16:34:35.324920 - Found SHA1SUM.bin (application/octet-stream) in CBT.XMIT182.SHACMDS, moved to SHAXMIT/SHA1SUM
2025-04-10 16:34:35.325070 - Found SHA2SUM.bin (application/octet-stream) in CBT.XMIT182.SHACMDS, moved to SHAXMIT/SHA2SUM
2025-04-10 16:34:35.325182 - Found SHA224S.bin (application/octet-stream) in CBT.XMIT182.SHACMDS, moved to SHAXMIT/SHA224S
2025-04-10 16:34:35.325355 - Found SHA3SUM.bin (application/octet-stream) in CBT.XMIT182.SHACMDS, moved to SHAXMIT/SHA3SUM
2025-04-10 16:34:35.325417 - Found SHA5SUM.bin (application/octet-stream) in CBT.XMIT182.SHACMDS, moved to SHAXMIT/SHA5SUM
2025-04-10 16:34:35.325762 - Found SHA1FOX.txt (text/plain) in SBGOLOB.CBT509.FILE182, moved to PDS/SHA1FOX
2025-04-10 16:34:35.325848 - Found SHOWCUT.txt (text/plain) in SBGOLOB.CBT509.FILE182, moved to PDS/SHOWCUT
2025-04-10 16:34:35.325923 - Found SHOWCUTP.txt (text/plain) in SBGOLOB.CBT509.FILE182, moved to PDS/SHOWCUTP
2025-04-10 16:34:35.325991 - Found SH2AHI.rexx (text/plain) in SBGOLOB.CBT509.FILE182, moved to PDS/SH2AHI
2025-04-10 16:34:35.326055 - Found SMPACCPT.jcl (text/plain) in SBGOLOB.CBT509.FILE182, moved to PDS/SMPACCPT
2025-04-10 16:34:35.326120 - Found SMPALLOC.jcl (text/plain) in SBGOLOB.CBT509.FILE182, moved to PDS/SMPALLOC
2025-04-10 16:34:35.326181 - Found SMPAPPLY.jcl (text/plain) in SBGOLOB.CBT509.FILE182, moved to PDS/SMPAPPLY
2025-04-10 16:34:35.326248 - Found SMPCSI.jcl (text/plain) in SBGOLOB.CBT509.FILE182, moved to PDS/SMPCSI
2025-04-10 16:34:35.326309 - Found SMPDDDEF.jcl (text/plain) in SBGOLOB.CBT509.FILE182, moved to PDS/SMPDDDEF
2025-04-10 16:34:35.326367 - Found SMPFIXES.txt (text/plain) in SBGOLOB.CBT509.FILE182, moved to PDS/SMPFIXES
2025-04-10 16:34:35.326426 - Found SMPFIX84.txt (text/plain) in SBGOLOB.CBT509.FILE182, moved to PDS/SMPFIX84
2025-04-10 16:34:35.326827 - Found SMPINST.txt (text/plain) in SBGOLOB.CBT509.FILE182, moved to PDS/SMPINST
2025-04-10 16:34:35.326888 - Found SMPJOBS.txt (text/plain) in SBGOLOB.CBT509.FILE182, moved to PDS/SMPJOBS
2025-04-10 16:34:35.326946 - Found SMPRECV.jcl (text/plain) in SBGOLOB.CBT509.FILE182, moved to PDS/SMPRECV
2025-04-10 16:34:35.327110 - Found SMPUMJOB.jcl (text/plain) in SBGOLOB.CBT509.FILE182, moved to PDS/SMPUMJOB
2025-04-10 16:34:35.327256 - Found SMPUMOD1.txt (text/plain) in SBGOLOB.CBT509.FILE182, moved to PDS/SMPUMOD1
2025-04-10 16:34:35.327385 - Found SMPUMOD2.txt (text/plain) in SBGOLOB.CBT509.FILE182, moved to PDS/SMPUMOD2
2025-04-10 16:34:35.327446 - Found SMPUMOD3.bin (application/octet-stream) in SBGOLOB.CBT509.FILE182, moved to PDS/SMPUMOD3
2025-04-10 16:34:35.327523 - Found SPFMSGS.txt (text/plain) in SBGOLOB.CBT509.FILE182, moved to PDS/SPFMSGS
2025-04-10 16:34:35.327582 - Found SPFPRIM.txt (text/plain) in SBGOLOB.CBT509.FILE182, moved to PDS/SPFPRIM
2025-04-10 16:34:35.327642 - Found SUPC.rexx (text/plain) in SBGOLOB.CBT509.FILE182, moved to PDS/SUPC
2025-04-10 16:34:35.327703 - Found TESTUSER.txt (text/plain) in SBGOLOB.CBT509.FILE182, moved to PDS/TESTUSER
2025-04-10 16:34:35.327767 - Found TESTXMIT.xmi (application/xmit) in SBGOLOB.CBT509.FILE182, moved to PDS/TESTXMIT.xmi
2025-04-10 16:34:35.333536 - Received CBT.XMIT182.TESTCMDS from TESTXMIT.xmi 
2025-04-10 16:34:35.333808 - Found IKJT9FIZ.bin (application/octet-stream) in CBT.XMIT182.TESTCMDS, moved to TESTXMIT/IKJT9FIZ
2025-04-10 16:34:35.333875 - Found IKJT9LBZ.bin (application/octet-stream) in CBT.XMIT182.TESTCMDS, moved to TESTXMIT/IKJT9LBZ
2025-04-10 16:34:35.334037 - Found IKJT9LGZ.bin (application/octet-stream) in CBT.XMIT182.TESTCMDS, moved to TESTXMIT/IKJT9LGZ
2025-04-10 16:34:35.334389 - Found TIDYPDF.rexx (text/plain) in SBGOLOB.CBT509.FILE182, moved to PDS/TIDYPDF
2025-04-10 16:34:35.334468 - Found TSOTESTA.txt (text/plain) in SBGOLOB.CBT509.FILE182, moved to PDS/TSOTESTA
2025-04-10 16:34:35.334542 - Found TSOTESTB.txt (text/plain) in SBGOLOB.CBT509.FILE182, moved to PDS/TSOTESTB
2025-04-10 16:34:35.334614 - Found TSOTESTE.txt (text/plain) in SBGOLOB.CBT509.FILE182, moved to PDS/TSOTESTE
2025-04-10 16:34:35.334686 - Found TSOTEST1.txt (text/plain) in SBGOLOB.CBT509.FILE182, moved to PDS/TSOTEST1
2025-04-10 16:34:35.334757 - Found TSOTEST2.txt (text/plain) in SBGOLOB.CBT509.FILE182, moved to PDS/TSOTEST2
2025-04-10 16:34:35.334820 - Found TSOTEST3.txt (text/plain) in SBGOLOB.CBT509.FILE182, moved to PDS/TSOTEST3
2025-04-10 16:34:35.334886 - Found TSOTEST4.txt (text/plain) in SBGOLOB.CBT509.FILE182, moved to PDS/TSOTEST4
2025-04-10 16:34:35.334947 - Found TSOTEST5.txt (text/plain) in SBGOLOB.CBT509.FILE182, moved to PDS/TSOTEST5
2025-04-10 16:34:35.335005 - Found TSOTEST6.txt (text/plain) in SBGOLOB.CBT509.FILE182, moved to PDS/TSOTEST6
2025-04-10 16:34:35.335068 - Found TSOTEST7.txt (text/plain) in SBGOLOB.CBT509.FILE182, moved to PDS/TSOTEST7
2025-04-10 16:34:35.335134 - Found TSOTEST8.txt (text/plain) in SBGOLOB.CBT509.FILE182, moved to PDS/TSOTEST8
2025-04-10 16:34:35.335193 - Found TSOTEST9.txt (text/plain) in SBGOLOB.CBT509.FILE182, moved to PDS/TSOTEST9
2025-04-10 16:34:35.335253 - Found TSOTRAP.rexx (text/plain) in SBGOLOB.CBT509.FILE182, moved to PDS/TSOTRAP
2025-04-10 16:34:35.335311 - Found UNIQUE.rexx (text/plain) in SBGOLOB.CBT509.FILE182, moved to PDS/UNIQUE
2025-04-10 16:34:35.335435 - Found UNX.txt (text/plain) in SBGOLOB.CBT509.FILE182, moved to PDS/UNX
2025-04-10 16:34:35.335499 - Found UNX#.txt (text/plain) in SBGOLOB.CBT509.FILE182, moved to PDS/UNX#
2025-04-10 16:34:35.339861 - Found UTILXMIT.xmi (application/xmit) in SBGOLOB.CBT509.FILE182, moved to PDS/UTILXMIT.xmi
2025-04-10 16:34:35.759245 - Received TRIDJK.UTILXMIT.JAN1925 from UTILXMIT.xmi 
2025-04-10 16:34:35.760696 - Found alias # to AUCMD in TRIDJK.UTILXMIT.JAN1925, moved to PDS/#
2025-04-10 16:34:35.760733 - Found alias ## to CMD in TRIDJK.UTILXMIT.JAN1925, moved to PDS/##
2025-04-10 16:34:35.760766 - Found alias @ to AUPGM in TRIDJK.UTILXMIT.JAN1925, moved to PDS/@
2025-04-10 16:34:35.761925 - Found AUCMD.bin (application/octet-stream) in TRIDJK.UTILXMIT.JAN1925, moved to UTILXMIT/AUCMD
2025-04-10 16:34:35.762081 - Found AUPGM.bin (application/octet-stream) in TRIDJK.UTILXMIT.JAN1925, moved to UTILXMIT/AUPGM
2025-04-10 16:34:35.762207 - Found BLKDISK.bin (application/octet-stream) in TRIDJK.UTILXMIT.JAN1925, moved to UTILXMIT/BLKDISK
2025-04-10 16:34:35.762257 - Found alias BLK23051 to BLKDISK in TRIDJK.UTILXMIT.JAN1925, moved to PDS/BLK23051
2025-04-10 16:34:35.762289 - Found alias BLK23052 to BLKDISK in TRIDJK.UTILXMIT.JAN1925, moved to PDS/BLK23052
2025-04-10 16:34:35.762321 - Found alias BLK2314 to BLKDISK in TRIDJK.UTILXMIT.JAN1925, moved to PDS/BLK2314
2025-04-10 16:34:35.762352 - Found alias BLK3330 to BLKDISK in TRIDJK.UTILXMIT.JAN1925, moved to PDS/BLK3330
2025-04-10 16:34:35.762383 - Found alias BLK33301 to BLKDISK in TRIDJK.UTILXMIT.JAN1925, moved to PDS/BLK33301
2025-04-10 16:34:35.762413 - Found alias BLK3340 to BLKDISK in TRIDJK.UTILXMIT.JAN1925, moved to PDS/BLK3340
2025-04-10 16:34:35.762444 - Found alias BLK3350 to BLKDISK in TRIDJK.UTILXMIT.JAN1925, moved to PDS/BLK3350
2025-04-10 16:34:35.762473 - Found alias BLK3375 to BLKDISK in TRIDJK.UTILXMIT.JAN1925, moved to PDS/BLK3375
2025-04-10 16:34:35.762503 - Found alias BLK3380 to BLKDISK in TRIDJK.UTILXMIT.JAN1925, moved to PDS/BLK3380
2025-04-10 16:34:35.762532 - Found alias BLK3390 to BLKDISK in TRIDJK.UTILXMIT.JAN1925, moved to PDS/BLK3390
2025-04-10 16:34:35.762561 - Found alias BLK9345 to BLKDISK in TRIDJK.UTILXMIT.JAN1925, moved to PDS/BLK9345
2025-04-10 16:34:35.762683 - Found CMD.bin (application/octet-stream) in TRIDJK.UTILXMIT.JAN1925, moved to UTILXMIT/CMD
2025-04-10 16:34:35.763245 - Found COBANAL.bin (application/octet-stream) in TRIDJK.UTILXMIT.JAN1925, moved to UTILXMIT/COBANAL
2025-04-10 16:34:35.763468 - Found COBANALO.bin (application/octet-stream) in TRIDJK.UTILXMIT.JAN1925, moved to UTILXMIT/COBANALO
2025-04-10 16:34:35.763536 - Found COMPARE.bin (application/octet-stream) in TRIDJK.UTILXMIT.JAN1925, moved to UTILXMIT/COMPARE
2025-04-10 16:34:35.763583 - Found alias COMPARE$ to COMPARE in TRIDJK.UTILXMIT.JAN1925, moved to PDS/COMPARE$
2025-04-10 16:34:35.763801 - Found COMPAREB.bin (application/octet-stream) in TRIDJK.UTILXMIT.JAN1925, moved to UTILXMIT/COMPAREB
2025-04-10 16:34:35.763981 - Found COMPAREC.bin (application/octet-stream) in TRIDJK.UTILXMIT.JAN1925, moved to UTILXMIT/COMPAREC
2025-04-10 16:34:35.764174 - Found COMPAREW.bin (application/octet-stream) in TRIDJK.UTILXMIT.JAN1925, moved to UTILXMIT/COMPAREW
2025-04-10 16:34:35.764316 - Found COMPBYTE.bin (application/octet-stream) in TRIDJK.UTILXMIT.JAN1925, moved to UTILXMIT/COMPBYTE
2025-04-10 16:34:35.764378 - Found COMPFILE.bin (application/octet-stream) in TRIDJK.UTILXMIT.JAN1925, moved to UTILXMIT/COMPFILE
2025-04-10 16:34:35.764444 - Found COMPWORD.bin (application/octet-stream) in TRIDJK.UTILXMIT.JAN1925, moved to UTILXMIT/COMPWORD
2025-04-10 16:34:35.764503 - Found DEAV.bin (application/octet-stream) in TRIDJK.UTILXMIT.JAN1925, moved to UTILXMIT/DEAV
2025-04-10 16:34:35.764653 - Found DELINKI.bin (application/octet-stream) in TRIDJK.UTILXMIT.JAN1925, moved to UTILXMIT/DELINKI
2025-04-10 16:34:35.764766 - Found DISASM.bin (application/octet-stream) in TRIDJK.UTILXMIT.JAN1925, moved to UTILXMIT/DISASM
2025-04-10 16:34:35.764992 - Found DISKMAP.bin (application/octet-stream) in TRIDJK.UTILXMIT.JAN1925, moved to UTILXMIT/DISKMAP
2025-04-10 16:34:35.765142 - Found DSAT.bin (application/octet-stream) in TRIDJK.UTILXMIT.JAN1925, moved to UTILXMIT/DSAT
2025-04-10 16:34:35.765306 - Found DSATNEW.bin (application/octet-stream) in TRIDJK.UTILXMIT.JAN1925, moved to UTILXMIT/DSATNEW
2025-04-10 16:34:35.765459 - Found DVOL.bin (application/octet-stream) in TRIDJK.UTILXMIT.JAN1925, moved to UTILXMIT/DVOL
2025-04-10 16:34:35.765521 - Found DVOLO.bin (application/octet-stream) in TRIDJK.UTILXMIT.JAN1925, moved to UTILXMIT/DVOLO
2025-04-10 16:34:35.765692 - Found DWNSPDSR.bin (application/octet-stream) in TRIDJK.UTILXMIT.JAN1925, moved to UTILXMIT/DWNSPDSR
2025-04-10 16:34:35.765742 - Found alias FSH to REVIEW in TRIDJK.UTILXMIT.JAN1925, moved to PDS/FSH
2025-04-10 16:34:35.765782 - Found alias FSHELP to REVIEW in TRIDJK.UTILXMIT.JAN1925, moved to PDS/FSHELP
2025-04-10 16:34:35.765819 - Found alias HEL to REVIEW in TRIDJK.UTILXMIT.JAN1925, moved to PDS/HEL
2025-04-10 16:34:35.765990 - Found LISTHEAD.bin (application/octet-stream) in TRIDJK.UTILXMIT.JAN1925, moved to UTILXMIT/LISTHEAD
2025-04-10 16:34:35.766055 - Found LISTMOD.bin (application/octet-stream) in TRIDJK.UTILXMIT.JAN1925, moved to UTILXMIT/LISTMOD
2025-04-10 16:34:35.766116 - Found LISTMODD.bin (application/octet-stream) in TRIDJK.UTILXMIT.JAN1925, moved to UTILXMIT/LISTMODD
2025-04-10 16:34:35.766281 - Found LISTPDS.bin (application/octet-stream) in TRIDJK.UTILXMIT.JAN1925, moved to UTILXMIT/LISTPDS
2025-04-10 16:34:35.766650 - Found MINIUNZ.bin (application/octet-stream) in TRIDJK.UTILXMIT.JAN1925, moved to UTILXMIT/MINIUNZ
2025-04-10 16:34:35.767290 - Found MINIZIP.bin (application/octet-stream) in TRIDJK.UTILXMIT.JAN1925, moved to UTILXMIT/MINIZIP
2025-04-10 16:34:35.768480 - Found MXI.bin (application/octet-stream) in TRIDJK.UTILXMIT.JAN1925, moved to UTILXMIT/MXI
2025-04-10 16:34:35.768632 - Found MXILLIX1.bin (application/octet-stream) in TRIDJK.UTILXMIT.JAN1925, moved to UTILXMIT/MXILLIX1
2025-04-10 16:34:35.768777 - Found MXIMEN00.bin (application/octet-stream) in TRIDJK.UTILXMIT.JAN1925, moved to UTILXMIT/MXIMEN00
2025-04-10 16:34:35.770185 - Found MXIREXX.bin (application/octet-stream) in TRIDJK.UTILXMIT.JAN1925, moved to UTILXMIT/MXIREXX
2025-04-10 16:34:35.770285 - Found MXISECTB.bin (application/octet-stream) in TRIDJK.UTILXMIT.JAN1925, moved to UTILXMIT/MXISECTB
2025-04-10 16:34:35.770421 - Found MXISECX1.bin (application/octet-stream) in TRIDJK.UTILXMIT.JAN1925, moved to UTILXMIT/MXISECX1
2025-04-10 16:34:35.770706 - Found MXISERV.bin (application/octet-stream) in TRIDJK.UTILXMIT.JAN1925, moved to UTILXMIT/MXISERV
2025-04-10 16:34:35.770850 - Found MXISOCKC.bin (application/octet-stream) in TRIDJK.UTILXMIT.JAN1925, moved to UTILXMIT/MXISOCKC
2025-04-10 16:34:35.770934 - Found MXISOCKS.bin (application/octet-stream) in TRIDJK.UTILXMIT.JAN1925, moved to UTILXMIT/MXISOCKS
2025-04-10 16:34:35.771511 - Found MXITSF.bin (application/octet-stream) in TRIDJK.UTILXMIT.JAN1925, moved to UTILXMIT/MXITSF
2025-04-10 16:34:35.771575 - Found MXIU83.bin (application/octet-stream) in TRIDJK.UTILXMIT.JAN1925, moved to UTILXMIT/MXIU83
2025-04-10 16:34:35.771639 - Found MXIU84.bin (application/octet-stream) in TRIDJK.UTILXMIT.JAN1925, moved to UTILXMIT/MXIU84
2025-04-10 16:34:35.771710 - Found MXIXPT00.bin (application/octet-stream) in TRIDJK.UTILXMIT.JAN1925, moved to UTILXMIT/MXIXPT00
2025-04-10 16:34:35.772299 - Found OFFLMOD.bin (application/octet-stream) in TRIDJK.UTILXMIT.JAN1925, moved to UTILXMIT/OFFLMOD
2025-04-10 16:34:35.772364 - Found OFFLOAD.bin (application/octet-stream) in TRIDJK.UTILXMIT.JAN1925, moved to UTILXMIT/OFFLOAD
2025-04-10 16:34:35.772430 - Found OFFLOADW.bin (application/octet-stream) in TRIDJK.UTILXMIT.JAN1925, moved to UTILXMIT/OFFLOADW
2025-04-10 16:34:35.772483 - Found alias PDSLOAD to PDSLOADW in TRIDJK.UTILXMIT.JAN1925, moved to PDS/PDSLOAD
2025-04-10 16:34:35.772548 - Found PDSLOADN.bin (application/octet-stream) in TRIDJK.UTILXMIT.JAN1925, moved to UTILXMIT/PDSLOADN
2025-04-10 16:34:35.772702 - Found PDSLOADW.bin (application/octet-stream) in TRIDJK.UTILXMIT.JAN1925, moved to UTILXMIT/PDSLOADW
2025-04-10 16:34:35.772763 - Found PDSMATCH.bin (application/octet-stream) in TRIDJK.UTILXMIT.JAN1925, moved to UTILXMIT/PDSMATCH
2025-04-10 16:34:35.772822 - Found PDSMATC1.bin (application/octet-stream) in TRIDJK.UTILXMIT.JAN1925, moved to UTILXMIT/PDSMATC1
2025-04-10 16:34:35.772885 - Found PDSMATC2.bin (application/octet-stream) in TRIDJK.UTILXMIT.JAN1925, moved to UTILXMIT/PDSMATC2
2025-04-10 16:34:35.773018 - Found PRINTOFF.bin (application/octet-stream) in TRIDJK.UTILXMIT.JAN1925, moved to UTILXMIT/PRINTOFF
2025-04-10 16:34:35.773178 - Found REBUILD.bin (application/octet-stream) in TRIDJK.UTILXMIT.JAN1925, moved to UTILXMIT/REBUILD
2025-04-10 16:34:35.773242 - Found RELEASE.bin (application/octet-stream) in TRIDJK.UTILXMIT.JAN1925, moved to UTILXMIT/RELEASE
2025-04-10 16:34:35.773365 - Found RELEASEO.bin (application/octet-stream) in TRIDJK.UTILXMIT.JAN1925, moved to UTILXMIT/RELEASEO
2025-04-10 16:34:35.773670 - Found RESOURCE.bin (application/octet-stream) in TRIDJK.UTILXMIT.JAN1925, moved to UTILXMIT/RESOURCE
2025-04-10 16:34:35.773715 - Found alias REV to REVIEW in TRIDJK.UTILXMIT.JAN1925, moved to PDS/REV
2025-04-10 16:34:35.773838 - Found REVCAT.bin (application/octet-stream) in TRIDJK.UTILXMIT.JAN1925, moved to UTILXMIT/REVCAT
2025-04-10 16:34:35.773959 - Found REVCRW.bin (application/octet-stream) in TRIDJK.UTILXMIT.JAN1925, moved to UTILXMIT/REVCRW
2025-04-10 16:34:35.774004 - Found alias REVED to REVIEW in TRIDJK.UTILXMIT.JAN1925, moved to PDS/REVED
2025-04-10 16:34:35.774696 - Found REVIEW.bin (application/octet-stream) in TRIDJK.UTILXMIT.JAN1925, moved to UTILXMIT/REVIEW
2025-04-10 16:34:35.774920 - Found REVIEWO.bin (application/octet-stream) in TRIDJK.UTILXMIT.JAN1925, moved to UTILXMIT/REVIEWO
2025-04-10 16:34:35.775546 - Found REVIEWT.bin (application/octet-stream) in TRIDJK.UTILXMIT.JAN1925, moved to UTILXMIT/REVIEWT
2025-04-10 16:34:35.775606 - Found alias REVLEV to REVIEW in TRIDJK.UTILXMIT.JAN1925, moved to PDS/REVLEV
2025-04-10 16:34:35.775668 - Found REVLMOD.bin (application/octet-stream) in TRIDJK.UTILXMIT.JAN1925, moved to UTILXMIT/REVLMOD
2025-04-10 16:34:35.775730 - Found REVLPDS.bin (application/octet-stream) in TRIDJK.UTILXMIT.JAN1925, moved to UTILXMIT/REVLPDS
2025-04-10 16:34:35.776537 - Found REVMAP.bin (application/octet-stream) in TRIDJK.UTILXMIT.JAN1925, moved to UTILXMIT/REVMAP
2025-04-10 16:34:35.776584 - Found alias REVO to REVIEWO in TRIDJK.UTILXMIT.JAN1925, moved to PDS/REVO
2025-04-10 16:34:35.776623 - Found alias REVOUT to REVIEW in TRIDJK.UTILXMIT.JAN1925, moved to PDS/REVOUT
2025-04-10 16:34:35.776978 - Found REVSMF.bin (application/octet-stream) in TRIDJK.UTILXMIT.JAN1925, moved to UTILXMIT/REVSMF
2025-04-10 16:34:35.778531 - Found REVSMFZ.bin (application/octet-stream) in TRIDJK.UTILXMIT.JAN1925, moved to UTILXMIT/REVSMFZ
2025-04-10 16:34:35.779078 - Found REVSMF7.bin (application/octet-stream) in TRIDJK.UTILXMIT.JAN1925, moved to UTILXMIT/REVSMF7
2025-04-10 16:34:35.779140 - Found REVTOCRD.bin (application/octet-stream) in TRIDJK.UTILXMIT.JAN1925, moved to UTILXMIT/REVTOCRD
2025-04-10 16:34:35.779190 - Found alias REVVSAM to REVIEW in TRIDJK.UTILXMIT.JAN1925, moved to PDS/REVVSAM
2025-04-10 16:34:35.779636 - Found REV38.bin (application/octet-stream) in TRIDJK.UTILXMIT.JAN1925, moved to UTILXMIT/REV38
2025-04-10 16:34:35.780276 - Found REV38N.bin (application/octet-stream) in TRIDJK.UTILXMIT.JAN1925, moved to UTILXMIT/REV38N
2025-04-10 16:34:35.780328 - Found alias RFE to REVIEW in TRIDJK.UTILXMIT.JAN1925, moved to PDS/RFE
2025-04-10 16:34:35.780527 - Found VTOC.bin (application/octet-stream) in TRIDJK.UTILXMIT.JAN1925, moved to UTILXMIT/VTOC
2025-04-10 16:34:35.780669 - Found VTOCUTIL.bin (application/octet-stream) in TRIDJK.UTILXMIT.JAN1925, moved to UTILXMIT/VTOCUTIL
2025-04-10 16:34:35.784255 - Found UXM.rexx (text/plain) in SBGOLOB.CBT509.FILE182, moved to PDS/UXM
2025-04-10 16:34:35.784327 - Found VISTAMAC.txt (text/plain) in SBGOLOB.CBT509.FILE182, moved to PDS/VISTAMAC
2025-04-10 16:34:35.784695 - Found VSAMXMIT.xmi (application/xmit) in SBGOLOB.CBT509.FILE182, moved to PDS/VSAMXMIT.xmi
2025-04-10 16:34:35.858063 - Received TRIDJK.FILE964.PDS from VSAMXMIT.xmi 
2025-04-10 16:34:35.858777 - Found $$$VSAM.txt (text/plain) in TRIDJK.FILE964.PDS, moved to VSAMXMIT/$$$VSAM
2025-04-10 16:34:35.858888 - Found $CHANGES.txt (text/plain) in TRIDJK.FILE964.PDS, moved to VSAMXMIT/$CHANGES
2025-04-10 16:34:35.859185 - Found RXDATE.rexx (text/plain) in TRIDJK.FILE964.PDS, moved to VSAMXMIT/RXDATE
2025-04-10 16:34:35.859276 - Found VI.rexx (text/plain) in TRIDJK.FILE964.PDS, moved to VSAMXMIT/VI
2025-04-10 16:34:35.859368 - Found VI#1.txt (text/plain) in TRIDJK.FILE964.PDS, moved to VSAMXMIT/VI#1
2025-04-10 16:34:35.859454 - Found VI#1H.txt (text/plain) in TRIDJK.FILE964.PDS, moved to VSAMXMIT/VI#1H
2025-04-10 16:34:35.859550 - Found VIX.rexx (text/plain) in TRIDJK.FILE964.PDS, moved to VSAMXMIT/VIX
2025-04-10 16:34:35.860117 - Found VSUBCMD.txt (text/plain) in SBGOLOB.CBT509.FILE182, moved to PDS/VSUBCMD
2025-04-10 16:34:35.860218 - Found VTSOACF2.txt (text/plain) in SBGOLOB.CBT509.FILE182, moved to PDS/VTSOACF2
2025-04-10 16:34:35.860316 - Found VTSOCMD.txt (text/plain) in SBGOLOB.CBT509.FILE182, moved to PDS/VTSOCMD
2025-04-10 16:34:35.860425 - Found VTSOPCF.txt (text/plain) in SBGOLOB.CBT509.FILE182, moved to PDS/VTSOPCF
2025-04-10 16:34:35.860611 - Found VTSORACF.txt (text/plain) in SBGOLOB.CBT509.FILE182, moved to PDS/VTSORACF
2025-04-10 16:34:35.860700 - Found XDSECT.rexx (text/plain) in SBGOLOB.CBT509.FILE182, moved to PDS/XDSECT
2025-04-10 16:34:35.860800 - Found XDSECT2.rexx (text/plain) in SBGOLOB.CBT509.FILE182, moved to PDS/XDSECT2
2025-04-10 16:34:35.860905 - Found XEDIT.txt (text/plain) in SBGOLOB.CBT509.FILE182, moved to PDS/XEDIT
2025-04-10 16:34:35.861164 - Found XH2XHI.rexx (text/plain) in SBGOLOB.CBT509.FILE182, moved to PDS/XH2XHI
2025-04-10 16:34:35.861314 - Found YALE.rexx (text/plain) in SBGOLOB.CBT509.FILE182, moved to PDS/YALE
2025-04-10 16:34:35.861481 - Found ZAPCTL.rexx (text/plain) in SBGOLOB.CBT509.FILE182, moved to PDS/ZAPCTL
2025-04-10 16:34:35.861752 - Found ZAPCTL#.txt (text/plain) in SBGOLOB.CBT509.FILE182, moved to PDS/ZAPCTL#
2025-04-10 16:34:35.862734 - Found ZIPS2214.bin (application/octet-stream) in SBGOLOB.CBT509.FILE182, moved to PDS/ZIPS2214
2025-04-10 16:34:35.863608 - Found ZIPS2837.bin (application/octet-stream) in SBGOLOB.CBT509.FILE182, moved to PDS/ZIPS2837
2025-04-10 16:34:35.865178 - Found ZIPZXPO.bin (application/octet-stream) in SBGOLOB.CBT509.FILE182, moved to PDS/ZIPZXPO
2025-04-10 16:34:35.865605 - Found ZTSOHELP.rexx (text/plain) in SBGOLOB.CBT509.FILE182, moved to PDS/ZTSOHELP
2025-04-10 16:34:35.867425 - Found Z035XMIT.xmi (application/xmit) in SBGOLOB.CBT509.FILE182, moved to PDS/Z035XMIT.xmi
2025-04-10 16:34:35.945130 - Received SBGOLOB.CBT509.FILE035 from Z035XMIT.xmi 
2025-04-10 16:34:35.945423 - Found alias PDS to PDS86 in SBGOLOB.CBT509.FILE035, moved to PDS/PDS
2025-04-10 16:34:35.945462 - Found alias PDS38 to PDS8638 in SBGOLOB.CBT509.FILE035, moved to PDS/PDS38
2025-04-10 16:34:35.946947 - Found PDS86.bin (application/octet-stream) in SBGOLOB.CBT509.FILE035, moved to Z035XMIT/PDS86
2025-04-10 16:34:35.948295 - Found PDS86I.bin (application/octet-stream) in SBGOLOB.CBT509.FILE035, moved to Z035XMIT/PDS86I
2025-04-10 16:34:35.949409 - Found PDS8638.bin (application/octet-stream) in SBGOLOB.CBT509.FILE035, moved to Z035XMIT/PDS8638
